arrivee,depart,ecole_id,personne_id
"1990-03-20 15:25:10.161000","1995-03-20 15:25:10.161000",1045,73
"1967-06-06 02:46:27.563000","1972-06-06 02:46:27.563000",1045,76
"1999-01-17 20:39:28.505000","2004-01-17 20:39:28.505000",1045,83
"1996-05-22 08:01:59.289000","2001-05-22 08:01:59.289000",1045,110
"1991-12-14 07:21:09.932000","1996-12-14 07:21:09.932000",1045,130
"1957-09-30 14:05:53.228000","1962-09-30 14:05:53.228000",1045,154
"1966-10-27 22:12:53.391000","1971-10-27 22:12:53.391000",1045,156
"1978-10-04 21:46:48.715000","1983-10-04 21:46:48.715000",1045,202
"1972-01-05 15:03:23.042000","1977-01-05 15:03:23.042000",1045,239
"1970-07-03 18:20:14.693000","1975-07-03 18:20:14.693000",1045,248
"1950-03-12 16:39:40.893000","1955-03-12 16:39:40.893000",1045,251
"1983-02-14 13:57:54.052000","1988-02-14 13:57:54.052000",1045,258
"1988-11-07 12:34:26.523000","1993-11-07 12:34:26.523000",1045,283
"1971-04-24 05:55:34.019000","1976-04-24 04:55:34.019000",1045,294
"1994-06-24 17:03:17.504000","1999-06-24 17:03:17.504000",1045,329
"1979-11-29 02:46:55.515000","1984-11-29 02:46:55.515000",1045,335
"1956-06-18 21:58:18.418000","1961-06-18 21:58:18.418000",1045,368
"1978-06-04 14:26:33.860000","1983-06-04 14:26:33.860000",1045,412
"1958-10-03 18:43:27.839000","1963-10-03 18:43:27.839000",1045,427
"1993-12-21 06:09:05.218000","1998-12-21 06:09:05.218000",1045,429
"1969-05-27 23:33:42.086000","1974-05-27 23:33:42.086000",1045,438
"1992-01-30 16:35:53.020000","1997-01-30 16:35:53.020000",1045,454
"1974-10-26 18:50:58.728000","1979-10-26 18:50:58.728000",1045,480
"1977-06-11 07:18:11.156000","1982-06-11 07:18:11.156000",1045,498
"1953-10-10 09:43:58.125000","1958-10-10 09:43:58.125000",1045,503
"1986-05-28 10:47:56.725000","1991-05-28 10:47:56.725000",1045,519
"1993-04-30 06:49:51.751000","1998-04-30 06:49:51.751000",1045,533
"1983-10-20 01:05:12.076000","1988-10-20 01:05:12.076000",1045,536
"1971-11-18 03:26:59.015000","1976-11-18 03:26:59.015000",1045,539
"1962-05-23 22:37:52.763000","1967-05-23 22:37:52.763000",1045,550
"1962-04-22 21:11:33.851000","1967-04-22 21:11:33.851000",1045,566
"1970-05-02 16:37:33.941000","1975-05-02 16:37:33.941000",1045,568
"1962-10-04 00:24:31.834000","1967-10-04 00:24:31.834000",1045,605
"1961-10-03 17:37:18.847000","1966-10-03 17:37:18.847000",1045,635
"1967-11-08 00:23:50.750000","1972-11-08 00:23:50.750000",1045,657
"1961-04-02 18:40:01.488000","1966-04-02 18:40:01.488000",1045,682
"1989-04-27 17:22:59.172000","1994-04-27 17:22:59.172000",1045,684
"1994-04-15 16:39:14.288000","1999-04-15 16:39:14.288000",1045,691
"1994-06-25 18:06:16.276000","1999-06-25 18:06:16.276000",1045,712
"1964-01-26 06:14:26.002000","1969-01-26 06:14:26.002000",1045,727
"1988-08-24 14:32:54.707000","1993-08-24 14:32:54.707000",1045,740
"1954-06-29 22:33:11.214000","1959-06-29 22:33:11.214000",1045,751
"1986-03-02 08:45:41.949000","1991-03-02 08:45:41.949000",1045,776
"1998-01-10 04:30:31.369000","2003-01-10 04:30:31.369000",1045,782
"1978-04-09 20:11:24.510000","1983-04-09 20:11:24.510000",1045,801
"1984-10-31 07:58:27.629000","1989-10-31 07:58:27.629000",1045,832
"1963-12-31 19:54:37.561000","1968-12-31 19:54:37.561000",1045,833
"1993-01-09 01:06:12.354000","1998-01-09 01:06:12.354000",1045,837
"1972-11-21 01:37:44.164000","1977-11-21 01:37:44.164000",1045,840
"1987-08-01 20:17:13.949000","1992-08-01 20:17:13.949000",1045,843
"1992-06-04 04:19:47.841000","1997-06-04 04:19:47.841000",1045,850
"1994-12-23 17:12:26.725000","1999-12-23 17:12:26.725000",1045,890
"1998-06-15 05:25:20.641000","2003-06-15 05:25:20.641000",1045,898
"1970-11-04 00:14:39.842000","1975-11-04 00:14:39.842000",1045,905
"1988-10-27 20:20:29.686000","1993-10-27 20:20:29.686000",1045,921
"1952-02-14 00:15:17.240000","1957-02-14 00:15:17.240000",1045,924
"1997-09-05 01:06:50.889000","2002-09-05 01:06:50.889000",1045,931
"1973-02-20 02:24:12.216000","1978-02-20 02:24:12.216000",1045,984
"1988-03-13 02:25:17.944000","1993-03-13 02:25:17.944000",1045,993
"1967-09-03 11:49:40.075000","1972-09-03 11:49:40.075000",1045,1008
"1952-05-17 16:21:15.804000","1957-05-17 16:21:15.804000",1045,1020
"1978-11-09 16:35:27.387000","1983-11-09 16:35:27.387000",1045,1034
"1957-11-07 14:27:01.336000","1962-11-07 14:27:01.336000",1046,48
"1983-02-09 13:22:09.666000","1988-02-09 13:22:09.666000",1046,90
"1990-06-09 17:16:27.381000","1995-06-09 17:16:27.381000",1046,91
"1992-03-12 00:06:35.098000","1997-03-12 00:06:35.098000",1046,131
"1958-12-21 07:12:07.882000","1963-12-21 07:12:07.882000",1046,135
"1974-01-15 21:18:22.972000","1979-01-15 21:18:22.972000",1046,170
"1953-11-26 02:48:06.148000","1958-11-26 02:48:06.148000",1046,198
"1954-02-07 09:06:20.390000","1959-02-07 09:06:20.390000",1046,214
"1957-03-29 03:46:18.369000","1962-03-29 03:46:18.369000",1046,222
"1964-02-09 05:32:42.988000","1969-02-09 05:32:42.988000",1046,241
"1970-07-17 23:56:15.319000","1975-07-17 23:56:15.319000",1046,267
"1971-03-28 04:11:33.408000","1976-03-28 03:11:33.408000",1046,288
"1954-10-08 00:11:28.919000","1959-10-08 00:11:28.919000",1046,300
"1960-12-12 20:00:49.896000","1965-12-12 20:00:49.896000",1046,305
"1989-12-13 07:56:40.166000","1994-12-13 07:56:40.166000",1046,315
"1950-11-30 02:34:19.031000","1955-11-30 02:34:19.031000",1046,320
"1995-07-27 20:42:03.714000","2000-07-27 20:42:03.714000",1046,338
"1960-03-18 20:22:47.578000","1965-03-18 20:22:47.578000",1046,341
"1972-05-10 08:06:05.323000","1977-05-10 07:06:05.323000",1046,380
"1979-05-26 06:22:18.356000","1984-05-26 06:22:18.356000",1046,384
"1956-08-30 02:07:59.467000","1961-08-30 02:07:59.467000",1046,413
"1961-12-09 13:10:43.724000","1966-12-09 13:10:43.724000",1046,426
"1953-04-06 12:38:28.626000","1958-04-06 12:38:28.626000",1046,492
"1973-07-22 02:29:20.426000","1978-07-22 01:29:20.426000",1046,499
"1954-05-25 14:32:35.630000","1959-05-25 14:32:35.630000",1046,516
"1993-03-11 07:13:41.648000","1998-03-11 07:13:41.648000",1046,528
"1969-03-13 11:46:10.835000","1974-03-13 11:46:10.835000",1046,535
"1989-06-22 17:20:42.744000","1994-06-22 17:20:42.744000",1046,544
"1953-06-08 05:31:05.045000","1958-06-08 05:31:05.045000",1046,545
"1978-02-17 15:35:55.581000","1983-02-17 15:35:55.581000",1046,564
"1983-11-08 12:28:05.409000","1988-11-08 12:28:05.409000",1046,567
"1972-10-26 01:36:11.816000","1977-10-26 01:36:11.816000",1046,579
"1987-01-30 04:46:31.213000","1992-01-30 04:46:31.213000",1046,582
"1986-06-14 02:07:05.678000","1991-06-14 02:07:05.678000",1046,628
"1956-02-26 12:59:43.642000","1961-02-26 12:59:43.642000",1046,640
"1983-12-05 06:32:29.260000","1988-12-05 06:32:29.260000",1046,643
"1998-05-04 22:53:46.907000","2003-05-04 22:53:46.907000",1046,661
"1988-06-15 11:40:48.263000","1993-06-15 11:40:48.263000",1046,685
"1988-08-09 11:43:28.319000","1993-08-09 11:43:28.319000",1046,687
"1956-07-07 03:56:27.335000","1961-07-07 03:56:27.335000",1046,709
"1961-07-20 00:57:45.243000","1966-07-20 00:57:45.243000",1046,732
"1965-03-21 02:18:21.586000","1970-03-21 02:18:21.586000",1046,734
"1987-05-08 18:11:47.952000","1992-05-08 18:11:47.952000",1046,738
"1984-02-06 19:12:42.519000","1989-02-06 19:12:42.519000",1046,763
"1975-08-16 04:53:03.357000","1980-08-16 03:53:03.357000",1046,778
"1984-01-03 01:25:22.988000","1989-01-03 01:25:22.988000",1046,785
"1955-09-15 03:39:53.977000","1960-09-15 03:39:53.977000",1046,802
"1985-01-25 08:13:35.084000","1990-01-25 08:13:35.084000",1046,806
"1960-09-12 21:29:08.182000","1965-09-12 21:29:08.182000",1046,857
"1955-05-04 08:48:48.937000","1960-05-04 08:48:48.937000",1046,934
"1975-11-12 09:57:32.875000","1980-11-12 09:57:32.875000",1046,943
"1959-10-26 07:12:07.414000","1964-10-26 07:12:07.414000",1046,952
"1991-12-23 12:32:53.354000","1996-12-23 12:32:53.354000",1046,958
"1988-07-02 14:49:18.067000","1993-07-02 14:49:18.067000",1046,978
"1966-05-13 17:14:48.720000","1971-05-13 17:14:48.720000",1046,1000
"1989-04-11 23:18:22.120000","1994-04-11 23:18:22.120000",1046,1012
"1980-08-09 09:55:06.045000","1985-08-09 09:55:06.045000",1046,1019
"1983-09-05 15:11:28.290000","1988-09-05 15:11:28.290000",1046,1028
"1963-11-03 04:34:16.977000","1968-11-03 04:34:16.977000",1047,58
"1966-08-25 11:48:41.597000","1971-08-25 11:48:41.597000",1047,67
"1974-04-04 21:14:37.931000","1979-04-04 20:14:37.931000",1047,75
"1993-07-08 07:07:46.928000","1998-07-08 07:07:46.928000",1047,97
"1951-12-31 22:51:20.211000","1956-12-31 22:51:20.211000",1047,105
"1970-01-05 06:42:57.198000","1975-01-05 06:42:57.198000",1047,109
"1979-01-27 11:36:56.997000","1984-01-27 11:36:56.997000",1047,125
"1970-06-19 14:51:15.633000","1975-06-19 14:51:15.633000",1047,158
"1973-01-27 23:03:18.248000","1978-01-27 23:03:18.248000",1047,162
"1988-11-29 08:18:41.747000","1993-11-29 08:18:41.747000",1047,163
"1992-09-30 13:33:42.834000","1997-09-30 12:33:42.834000",1047,193
"1976-09-04 08:52:14.602000","1981-09-04 08:52:14.602000",1047,196
"1954-10-19 15:47:45.845000","1959-10-19 15:47:45.845000",1047,197
"1968-09-24 01:54:19.078000","1973-09-24 01:54:19.078000",1047,231
"1991-03-03 09:20:06.063000","1996-03-03 09:20:06.063000",1047,286
"1984-02-05 13:43:10.495000","1989-02-05 13:43:10.495000",1047,289
"1976-06-18 07:40:23.653000","1981-06-18 07:40:23.653000",1047,297
"1991-02-02 23:18:01.537000","1996-02-02 23:18:01.537000",1047,323
"1978-06-19 22:59:40.438000","1983-06-19 22:59:40.438000",1047,330
"1953-09-17 06:15:25.575000","1958-09-17 06:15:25.575000",1047,361
"1971-08-01 00:19:38.140000","1976-07-31 23:19:38.140000",1047,383
"1963-11-02 02:19:40.637000","1968-11-02 02:19:40.637000",1047,387
"1986-08-30 20:13:58.781000","1991-08-30 20:13:58.781000",1047,420
"1981-10-09 05:52:43.000000","1986-10-09 05:52:43.000000",1047,442
"1982-10-12 13:31:53.702000","1987-10-12 13:31:53.702000",1047,443
"1983-07-27 19:32:22.222000","1988-07-27 19:32:22.222000",1047,446
"1950-03-16 00:03:23.085000","1955-03-16 00:03:23.085000",1047,466
"1968-05-03 18:27:36.394000","1973-05-03 18:27:36.394000",1047,473
"1987-02-20 01:50:08.051000","1992-02-20 01:50:08.051000",1047,484
"1970-09-13 02:41:57.425000","1975-09-13 02:41:57.425000",1047,494
"1965-09-02 00:29:47.584000","1970-09-02 00:29:47.584000",1047,505
"1974-06-20 10:55:21.342000","1979-06-20 09:55:21.342000",1047,507
"1992-05-08 08:53:08.276000","1997-05-08 08:53:08.276000",1047,520
"1963-04-29 16:21:17.807000","1968-04-29 16:21:17.807000",1047,588
"1952-02-29 06:51:43.518000","1957-02-28 06:51:43.518000",1047,598
"1967-10-25 21:31:49.134000","1972-10-25 21:31:49.134000",1047,614
"1980-01-13 16:36:22.265000","1985-01-13 16:36:22.265000",1047,626
"1995-10-05 18:36:29.934000","2000-10-05 17:36:29.934000",1047,638
"1998-01-01 09:03:29.575000","2003-01-01 09:03:29.575000",1047,658
"1980-03-24 20:12:16.268000","1985-03-24 20:12:16.268000",1047,669
"1974-04-07 09:26:09.910000","1979-04-07 08:26:09.910000",1047,689
"1953-12-22 03:39:16.078000","1958-12-22 03:39:16.078000",1047,696
"1978-04-24 21:34:56.650000","1983-04-24 21:34:56.650000",1047,704
"1955-01-22 08:08:56.725000","1960-01-22 08:08:56.725000",1047,759
"1974-04-02 16:14:27.334000","1979-04-02 15:14:27.334000",1047,780
"1990-06-11 01:28:09.377000","1995-06-11 01:28:09.377000",1047,792
"1992-07-11 03:19:04.466000","1997-07-11 03:19:04.466000",1047,803
"1967-11-04 13:15:17.017000","1972-11-04 13:15:17.017000",1047,841
"1951-05-15 17:17:27.225000","1956-05-15 17:17:27.225000",1047,864
"1986-10-01 00:37:18.795000","1991-10-01 00:37:18.795000",1047,891
"1965-02-23 20:05:39.608000","1970-02-23 20:05:39.608000",1047,909
"1992-08-18 05:39:08.401000","1997-08-18 05:39:08.401000",1047,927
"1988-10-20 14:37:51.285000","1993-10-20 14:37:51.285000",1047,932
"1978-05-29 20:10:10.309000","1983-05-29 20:10:10.309000",1047,936
"1971-02-10 17:32:20.032000","1976-02-10 17:32:20.032000",1047,969
"1986-04-18 00:27:33.432000","1991-04-18 00:27:33.432000",1047,988
"1983-07-26 05:37:21.396000","1988-07-26 05:37:21.396000",1047,1030
"1997-08-07 01:16:34.553000","2002-08-07 01:16:34.553000",1048,50
"1992-08-27 00:16:09.538000","1997-08-27 00:16:09.538000",1048,72
"1959-11-10 22:11:36.648000","1964-11-10 22:11:36.648000",1048,96
"1980-09-13 04:17:53.599000","1985-09-13 04:17:53.599000",1048,103
"1979-05-26 13:06:58.248000","1984-05-26 13:06:58.248000",1048,123
"1950-04-10 17:02:07.412000","1955-04-10 17:02:07.412000",1048,128
"1953-02-20 13:27:50.206000","1958-02-20 13:27:50.206000",1048,129
"1983-12-26 02:16:14.877000","1988-12-26 02:16:14.877000",1048,176
"1982-05-26 23:58:48.089000","1987-05-26 23:58:48.089000",1048,187
"1991-12-30 04:01:12.073000","1996-12-30 04:01:12.073000",1048,199
"1987-03-12 13:14:26.539000","1992-03-12 13:14:26.539000",1048,220
"1983-11-25 16:50:01.392000","1988-11-25 16:50:01.392000",1048,237
"1988-02-07 00:19:38.650000","1993-02-07 00:19:38.650000",1048,280
"1986-05-19 21:07:51.389000","1991-05-19 21:07:51.389000",1048,306
"1971-03-09 17:40:03.304000","1976-03-09 17:40:03.304000",1048,307
"1990-04-22 20:59:44.878000","1995-04-22 20:59:44.878000",1048,308
"1951-01-17 06:13:03.149000","1956-01-17 06:13:03.149000",1048,331
"1977-04-08 23:07:46.161000","1982-04-08 23:07:46.161000",1048,358
"1992-06-09 22:45:41.377000","1997-06-09 22:45:41.377000",1048,370
"1988-03-04 12:33:32.051000","1993-03-04 12:33:32.051000",1048,379
"1965-07-28 09:05:13.059000","1970-07-28 09:05:13.059000",1048,390
"1989-03-16 13:27:59.988000","1994-03-16 13:27:59.988000",1048,401
"1963-11-03 22:17:59.692000","1968-11-03 22:17:59.692000",1048,403
"1966-10-15 08:44:02.201000","1971-10-15 08:44:02.201000",1048,424
"1980-11-29 23:52:10.176000","1985-11-29 23:52:10.176000",1048,428
"1975-05-23 22:53:16.672000","1980-05-23 21:53:16.672000",1048,434
"1991-12-08 03:04:11.003000","1996-12-08 03:04:11.003000",1048,460
"1979-07-28 20:30:26.361000","1984-07-28 20:30:26.361000",1048,504
"1983-03-19 12:21:41.138000","1988-03-19 12:21:41.138000",1048,523
"1998-03-07 02:19:40.701000","2003-03-07 02:19:40.701000",1048,534
"1974-12-23 00:39:48.428000","1979-12-23 00:39:48.428000",1048,553
"1974-07-16 08:55:29.944000","1979-07-16 07:55:29.944000",1048,556
"1968-01-03 01:40:23.080000","1973-01-03 01:40:23.080000",1048,557
"1969-01-31 23:35:18.711000","1974-01-31 23:35:18.711000",1048,560
"1953-04-08 13:34:25.973000","1958-04-08 13:34:25.973000",1048,576
"1975-01-02 09:22:33.137000","1980-01-02 09:22:33.137000",1048,697
"1981-07-24 12:33:53.271000","1986-07-24 12:33:53.271000",1048,710
"1967-08-06 21:48:24.952000","1972-08-06 21:48:24.952000",1048,742
"1990-10-14 10:35:33.015000","1995-10-14 10:35:33.015000",1048,746
"1958-02-15 11:18:19.908000","1963-02-15 11:18:19.908000",1048,775
"1992-12-19 01:25:42.491000","1997-12-19 01:25:42.491000",1048,786
"1950-04-05 02:11:33.368000","1955-04-05 02:11:33.368000",1048,787
"1998-07-10 08:33:52.156000","2003-07-10 08:33:52.156000",1048,818
"1950-05-06 10:24:58.642000","1955-05-06 10:24:58.642000",1048,824
"1986-11-30 21:55:28.887000","1991-11-30 21:55:28.887000",1048,836
"1955-12-02 15:06:20.588000","1960-12-02 15:06:20.588000",1048,842
"1966-10-13 02:48:31.433000","1971-10-13 02:48:31.433000",1048,854
"1956-01-28 19:45:43.918000","1961-01-28 19:45:43.918000",1048,869
"1975-03-14 21:19:59.123000","1980-03-14 21:19:59.123000",1048,874
"1962-12-01 06:16:48.439000","1967-12-01 06:16:48.439000",1048,876
"1957-08-06 22:33:35.666000","1962-08-06 22:33:35.666000",1048,887
"1963-04-09 23:27:34.395000","1968-04-09 23:27:34.395000",1048,897
"1995-01-04 15:26:49.651000","2000-01-04 15:26:49.651000",1048,941
"1982-08-02 21:51:53.941000","1987-08-02 21:51:53.941000",1048,950
"1986-11-04 07:31:59.382000","1991-11-04 07:31:59.382000",1048,962
"1956-10-06 00:54:44.524000","1961-10-06 00:54:44.524000",1048,976
"1981-03-06 07:51:18.843000","1986-03-06 07:51:18.843000",1048,1023
"1967-02-05 17:01:16.628000","1972-02-05 17:01:16.628000",1048,1031
"1955-12-15 21:56:29.248000","1960-12-15 21:56:29.248000",1049,54
"1957-03-11 03:52:21.381000","1962-03-11 03:52:21.381000",1049,56
"1990-10-25 09:13:20.194000","1995-10-25 09:13:20.194000",1049,62
"1995-12-01 00:38:31.096000","2000-12-01 00:38:31.096000",1049,95
"1994-02-24 11:44:28.416000","1999-02-24 11:44:28.416000",1049,106
"1969-01-05 05:03:31.156000","1974-01-05 05:03:31.156000",1049,171
"1989-01-13 12:47:37.964000","1994-01-13 12:47:37.964000",1049,200
"1971-03-27 02:11:33.225000","1976-03-27 02:11:33.225000",1049,219
"1955-05-08 23:21:39.595000","1960-05-08 23:21:39.595000",1049,243
"1972-06-03 18:48:43.231000","1977-06-03 17:48:43.231000",1049,245
"1964-07-25 12:08:52.320000","1969-07-25 12:08:52.320000",1049,254
"1970-12-25 06:38:31.320000","1975-12-25 06:38:31.320000",1049,284
"1964-01-14 02:53:36.351000","1969-01-14 02:53:36.351000",1049,287
"1970-02-05 22:46:20.844000","1975-02-05 22:46:20.844000",1049,298
"1962-09-09 15:32:12.811000","1967-09-09 15:32:12.811000",1049,301
"1952-02-15 06:28:45.375000","1957-02-15 06:28:45.375000",1049,328
"1987-11-19 01:20:03.835000","1992-11-19 01:20:03.835000",1049,340
"1967-11-27 19:36:26.001000","1972-11-27 19:36:26.001000",1049,360
"1991-11-03 09:12:31.395000","1996-11-03 09:12:31.395000",1049,381
"1965-03-19 14:50:42.276000","1970-03-19 14:50:42.276000",1049,409
"1955-08-09 07:49:56.584000","1960-08-09 07:49:56.584000",1049,416
"1989-11-11 06:17:39.548000","1994-11-11 06:17:39.548000",1049,418
"1956-02-25 10:13:12.153000","1961-02-25 10:13:12.153000",1049,458
"1983-08-10 23:56:06.350000","1988-08-10 23:56:06.350000",1049,464
"1969-04-05 18:58:40.320000","1974-04-05 18:58:40.320000",1049,475
"1976-07-28 11:15:43.378000","1981-07-28 11:15:43.378000",1049,487
"1987-07-25 05:44:53.525000","1992-07-25 05:44:53.525000",1049,511
"1983-04-12 13:37:09.632000","1988-04-12 13:37:09.632000",1049,512
"1987-09-26 00:08:59.942000","1992-09-26 00:08:59.942000",1049,514
"1993-08-12 19:29:32.257000","1998-08-12 19:29:32.257000",1049,531
"1979-03-11 19:50:52.342000","1984-03-11 19:50:52.342000",1049,552
"1972-08-10 10:08:20.113000","1977-08-10 09:08:20.113000",1049,570
"1983-04-28 05:38:37.572000","1988-04-28 05:38:37.572000",1049,572
"1952-01-03 10:59:08.303000","1957-01-03 10:59:08.303000",1049,574
"1998-08-08 15:12:52.309000","2003-08-08 15:12:52.309000",1049,585
"1973-05-03 13:32:09.538000","1978-05-03 12:32:09.538000",1049,590
"1955-08-19 03:21:16.225000","1960-08-19 03:21:16.225000",1049,599
"1969-08-18 14:21:31.672000","1974-08-18 14:21:31.672000",1049,602
"1969-10-06 02:58:26.543000","1974-10-06 02:58:26.543000",1049,611
"1950-11-09 02:22:41.371000","1955-11-09 02:22:41.371000",1049,622
"1964-12-12 04:35:16.626000","1969-12-12 04:35:16.626000",1049,668
"1962-08-20 03:42:56.281000","1967-08-20 03:42:56.281000",1049,672
"1984-08-27 18:50:47.328000","1989-08-27 18:50:47.328000",1049,677
"1966-06-27 05:43:51.907000","1971-06-27 05:43:51.907000",1049,681
"1987-08-17 06:39:35.613000","1992-08-17 06:39:35.613000",1049,715
"1990-10-30 19:51:49.585000","1995-10-30 19:51:49.585000",1049,755
"1997-10-15 09:47:58.236000","2002-10-15 09:47:58.236000",1049,758
"1988-10-24 14:22:36.800000","1993-10-24 14:22:36.800000",1049,772
"1997-12-06 09:05:21.415000","2002-12-06 09:05:21.415000",1049,795
"1981-12-14 07:51:01.131000","1986-12-14 07:51:01.131000",1049,804
"1985-08-17 12:18:06.441000","1990-08-17 12:18:06.441000",1049,807
"1993-11-15 08:30:48.698000","1998-11-15 08:30:48.698000",1049,809
"1979-08-09 07:06:47.680000","1984-08-09 07:06:47.680000",1049,835
"1989-01-21 05:27:14.131000","1994-01-21 05:27:14.131000",1049,845
"1963-06-15 21:49:01.916000","1968-06-15 21:49:01.916000",1049,847
"1957-09-15 05:18:41.228000","1962-09-15 05:18:41.228000",1049,849
"1990-04-22 18:10:31.236000","1995-04-22 18:10:31.236000",1049,859
"1983-02-13 09:21:23.324000","1988-02-13 09:21:23.324000",1049,862
"1992-09-28 13:52:32.684000","1997-09-28 12:52:32.684000",1049,873
"1991-04-12 13:03:32.732000","1996-04-12 13:03:32.732000",1049,882
"1984-09-16 11:30:18.627000","1989-09-16 11:30:18.627000",1049,899
"1969-03-10 18:56:29.207000","1974-03-10 18:56:29.207000",1049,902
"1972-04-05 08:46:30.674000","1977-04-05 07:46:30.674000",1049,948
"1975-12-05 06:16:22.975000","1980-12-05 06:16:22.975000",1049,949
"1978-06-10 05:27:00.255000","1983-06-10 05:27:00.255000",1049,963
"1954-05-26 15:36:26.045000","1959-05-26 15:36:26.045000",1049,1001
"1965-05-22 07:40:30.774000","1970-05-22 07:40:30.774000",1049,1011
"1996-07-07 01:33:51.039000","2001-07-07 01:33:51.039000",1049,1024
"1968-11-25 10:24:04.057000","1973-11-25 10:24:04.057000",1049,1029
"1980-03-13 02:04:33.235000","1985-03-13 02:04:33.235000",1049,1041
"1967-10-31 16:17:40.977000","1972-10-31 16:17:40.977000",1050,45
"1964-07-09 21:59:42.180000","1969-07-09 21:59:42.180000",1050,87
"1974-07-30 20:58:02.288000","1979-07-30 19:58:02.288000",1050,101
"1982-10-10 22:47:19.732000","1987-10-10 22:47:19.732000",1050,107
"1998-08-04 14:44:22.452000","2003-08-04 14:44:22.452000",1050,114
"1995-10-07 16:33:08.360000","2000-10-07 15:33:08.360000",1050,116
"1985-08-09 19:07:03.307000","1990-08-09 19:07:03.307000",1050,178
"1965-11-10 16:28:35.039000","1970-11-10 16:28:35.039000",1050,189
"1982-04-18 05:45:23.610000","1987-04-18 05:45:23.610000",1050,209
"1950-03-06 19:52:01.566000","1955-03-06 19:52:01.566000",1050,210
"1953-05-23 19:10:42.508000","1958-05-23 19:10:42.508000",1050,226
"1963-07-04 07:50:27.525000","1968-07-04 07:50:27.525000",1050,233
"1977-08-26 11:05:12.093000","1982-08-26 11:05:12.093000",1050,247
"1979-09-30 02:35:49.990000","1984-09-30 02:35:49.990000",1050,255
"1969-06-11 11:47:06.640000","1974-06-11 11:47:06.640000",1050,259
"1969-02-13 17:07:03.637000","1974-02-13 17:07:03.637000",1050,274
"1957-02-21 06:01:53.580000","1962-02-21 06:01:53.580000",1050,346
"1979-05-13 16:17:35.007000","1984-05-13 16:17:35.007000",1050,363
"1981-02-08 22:02:47.527000","1986-02-08 22:02:47.527000",1050,367
"1953-09-18 07:44:37.648000","1958-09-18 07:44:37.648000",1050,369
"1975-08-04 09:25:06.569000","1980-08-04 08:25:06.569000",1050,382
"1964-10-05 12:05:08.297000","1969-10-05 12:05:08.297000",1050,398
"1989-01-04 06:24:49.232000","1994-01-04 06:24:49.232000",1050,417
"1983-04-16 09:45:25.471000","1988-04-16 09:45:25.471000",1050,432
"1981-07-15 05:48:53.006000","1986-07-15 05:48:53.006000",1050,449
"1964-10-01 03:15:34.213000","1969-10-01 03:15:34.213000",1050,461
"1998-05-04 21:33:02.408000","2003-05-04 21:33:02.408000",1050,478
"1983-09-04 13:23:00.934000","1988-09-04 13:23:00.934000",1050,483
"1978-10-14 11:18:55.738000","1983-10-14 11:18:55.738000",1050,495
"1992-02-02 23:41:26.667000","1997-02-02 23:41:26.667000",1050,501
"1988-11-20 17:47:08.964000","1993-11-20 17:47:08.964000",1050,510
"1966-08-23 19:29:40.392000","1971-08-23 19:29:40.392000",1050,525
"1993-08-11 08:31:08.754000","1998-08-11 08:31:08.754000",1050,555
"1970-04-29 14:03:29.074000","1975-04-29 14:03:29.074000",1050,578
"1971-10-29 03:08:53.194000","1976-10-29 03:08:53.194000",1050,604
"1976-09-16 01:02:45.018000","1981-09-16 01:02:45.018000",1050,607
"1968-02-05 12:39:08.349000","1973-02-05 12:39:08.349000",1050,634
"1994-10-08 00:25:03.223000","1999-10-07 23:25:03.223000",1050,642
"1969-01-02 12:47:54.541000","1974-01-02 12:47:54.541000",1050,663
"1992-01-04 17:11:39.728000","1997-01-04 17:11:39.728000",1050,701
"1950-04-26 11:28:31.827000","1955-04-26 11:28:31.827000",1050,711
"1962-06-25 07:15:36.046000","1967-06-25 07:15:36.046000",1050,723
"1959-04-13 12:21:11.723000","1964-04-13 12:21:11.723000",1050,731
"1987-04-15 16:01:57.829000","1992-04-15 16:01:57.829000",1050,741
"1984-07-03 22:38:29.455000","1989-07-03 22:38:29.455000",1050,762
"1993-11-26 09:45:30.877000","1998-11-26 09:45:30.877000",1050,796
"1993-08-02 14:27:33.352000","1998-08-02 14:27:33.352000",1050,817
"1997-07-03 00:37:31.454000","2002-07-03 00:37:31.454000",1050,820
"1950-06-06 04:15:40.051000","1955-06-06 04:15:40.051000",1050,848
"1982-12-16 12:36:18.766000","1987-12-16 12:36:18.766000",1050,860
"1994-09-28 13:21:16.166000","1999-09-28 12:21:16.166000",1050,888
"1977-11-04 21:39:46.077000","1982-11-04 21:39:46.077000",1050,901
"1968-12-21 00:47:24.770000","1973-12-21 00:47:24.770000",1050,907
"1983-09-07 03:38:19.741000","1988-09-07 03:38:19.741000",1050,918
"1975-02-04 10:32:48.387000","1980-02-04 10:32:48.387000",1050,930
"1950-09-13 06:16:44.786000","1955-09-13 06:16:44.786000",1050,940
"1973-02-05 20:25:40.673000","1978-02-05 20:25:40.673000",1050,967
"1964-10-12 01:44:40.130000","1969-10-12 01:44:40.130000",1050,975
"1969-01-01 01:35:31.716000","1974-01-01 01:35:31.716000",1050,990
"1998-09-27 16:14:02.823000","2003-09-27 16:14:02.823000",1050,1042
"1974-05-19 08:02:47.316000","1979-05-19 07:02:47.316000",1051,94
"1959-09-27 04:58:30.492000","1964-09-27 04:58:30.492000",1051,98
"1973-09-14 08:45:19.398000","1978-09-14 07:45:19.398000",1051,99
"1986-12-18 08:25:29.051000","1991-12-18 08:25:29.051000",1051,100
"1993-01-18 02:08:27.801000","1998-01-18 02:08:27.801000",1051,104
"1971-07-01 13:30:08.516000","1976-07-01 12:30:08.516000",1051,108
"1950-11-29 04:15:40.674000","1955-11-29 04:15:40.674000",1051,121
"1968-02-07 17:30:37.795000","1973-02-07 17:30:37.795000",1051,126
"1995-05-08 16:51:00.142000","2000-05-08 16:51:00.142000",1051,134
"1964-09-01 14:25:44.513000","1969-09-01 14:25:44.513000",1051,138
"1964-03-08 15:42:46.133000","1969-03-08 15:42:46.133000",1051,140
"1968-03-23 04:06:19.482000","1973-03-23 04:06:19.482000",1051,145
"1997-08-21 08:57:46.922000","2002-08-21 08:57:46.922000",1051,148
"1986-07-08 08:19:45.357000","1991-07-08 08:19:45.357000",1051,182
"1975-02-06 22:00:14.854000","1980-02-06 22:00:14.854000",1051,183
"1964-01-14 02:24:20.715000","1969-01-14 02:24:20.715000",1051,191
"1981-04-20 07:31:33.001000","1986-04-20 07:31:33.001000",1051,208
"1974-08-30 11:50:06.915000","1979-08-30 10:50:06.915000",1051,211
"1978-04-22 05:06:59.502000","1983-04-22 05:06:59.502000",1051,236
"1965-09-04 06:39:51.998000","1970-09-04 06:39:51.998000",1051,242
"1972-01-07 22:00:27.371000","1977-01-07 22:00:27.371000",1051,278
"1961-11-17 13:18:38.431000","1966-11-17 13:18:38.431000",1051,281
"1966-10-12 10:39:24.034000","1971-10-12 10:39:24.034000",1051,292
"1955-01-29 23:00:33.415000","1960-01-29 23:00:33.415000",1051,303
"1990-03-19 11:15:25.160000","1995-03-19 11:15:25.160000",1051,314
"1959-09-21 12:25:53.771000","1964-09-21 12:25:53.771000",1051,350
"1987-03-31 01:28:01.836000","1992-03-31 01:28:01.836000",1051,373
"1997-03-05 09:07:21.815000","2002-03-05 09:07:21.815000",1051,396
"1965-10-29 12:39:56.374000","1970-10-29 12:39:56.374000",1051,402
"1980-04-28 02:39:21.613000","1985-04-28 02:39:21.613000",1051,411
"1981-02-07 03:46:19.944000","1986-02-07 03:46:19.944000",1051,425
"1972-01-17 13:29:27.135000","1977-01-17 13:29:27.135000",1051,430
"1983-03-22 20:55:05.302000","1988-03-22 20:55:05.302000",1051,431
"1958-10-09 06:49:37.246000","1963-10-09 06:49:37.246000",1051,467
"1960-11-09 18:11:32.181000","1965-11-09 18:11:32.181000",1051,481
"1956-04-26 09:49:06.267000","1961-04-26 09:49:06.267000",1051,490
"1988-12-26 13:01:04.711000","1993-12-26 13:01:04.711000",1051,506
"1952-12-14 04:09:01.230000","1957-12-14 04:09:01.230000",1051,562
"1973-01-11 00:48:53.336000","1978-01-11 00:48:53.336000",1051,571
"1993-08-21 16:05:15.955000","1998-08-21 16:05:15.955000",1051,581
"1997-02-28 00:11:23.795000","2002-02-28 00:11:23.795000",1051,584
"1966-08-01 23:12:01.068000","1971-08-01 23:12:01.068000",1051,595
"1959-12-24 13:38:06.776000","1964-12-24 13:38:06.776000",1051,617
"1951-05-06 09:02:41.396000","1956-05-06 09:02:41.396000",1051,631
"1997-12-12 23:17:44.381000","2002-12-12 23:17:44.381000",1051,652
"1973-01-12 10:59:48.946000","1978-01-12 10:59:48.946000",1051,674
"1988-09-07 05:14:06.659000","1993-09-07 05:14:06.659000",1051,679
"1997-04-24 06:59:26.929000","2002-04-24 06:59:26.929000",1051,694
"1955-07-31 12:00:00.003000","1960-07-31 12:00:00.003000",1051,699
"1990-04-21 21:40:44.922000","1995-04-21 21:40:44.922000",1051,702
"1971-02-20 15:31:00.494000","1976-02-20 15:31:00.494000",1051,706
"1982-08-08 16:39:55.109000","1987-08-08 16:39:55.109000",1051,716
"1980-01-21 02:51:58.341000","1985-01-21 02:51:58.341000",1051,717
"1964-08-14 23:30:16.104000","1969-08-14 23:30:16.104000",1051,724
"1998-11-22 05:14:08.694000","2003-11-22 05:14:08.694000",1051,733
"1974-02-08 01:36:22.006000","1979-02-08 01:36:22.006000",1051,753
"1998-07-31 04:30:24.528000","2003-07-31 04:30:24.528000",1051,761
"1995-08-30 14:21:28.078000","2000-08-30 14:21:28.078000",1051,771
"1995-03-08 22:17:57.127000","2000-03-08 22:17:57.127000",1051,774
"1992-02-25 00:28:21.959000","1997-02-25 00:28:21.959000",1051,797
"1996-01-14 07:10:03.322000","2001-01-14 07:10:03.322000",1051,823
"1990-06-06 19:14:03.222000","1995-06-06 19:14:03.222000",1051,844
"1995-07-05 09:41:14.296000","2000-07-05 09:41:14.296000",1051,851
"1972-08-07 01:37:42.656000","1977-08-07 00:37:42.656000",1051,868
"1959-02-10 18:48:03.076000","1964-02-10 18:48:03.076000",1051,872
"1977-03-23 23:28:36.650000","1982-03-23 23:28:36.650000",1051,879
"1952-10-21 13:35:35.361000","1957-10-21 13:35:35.361000",1051,883
"1980-01-20 11:29:02.750000","1985-01-20 11:29:02.750000",1051,910
"1998-12-31 12:47:49.182000","2003-12-31 12:47:49.182000",1051,917
"1981-07-26 07:03:51.342000","1986-07-26 07:03:51.342000",1051,922
"1966-10-25 23:56:30.910000","1971-10-25 23:56:30.910000",1051,966
"1965-08-21 01:10:08.790000","1970-08-21 01:10:08.790000",1051,997
"1959-05-03 15:21:30.252000","1964-05-03 15:21:30.252000",1051,998
"1955-06-13 21:31:31.567000","1960-06-13 21:31:31.567000",1051,1033
"1950-09-30 10:35:52.093000","1955-09-30 10:35:52.093000",1051,1043
"1959-03-07 10:16:00.020000","1964-03-07 10:16:00.020000",1051,1044
"1951-12-12 01:35:33.275000","1956-12-12 01:35:33.275000",1052,51
"1995-07-30 04:29:16.627000","2000-07-30 04:29:16.627000",1052,57
"1984-05-30 12:25:31.990000","1989-05-30 12:25:31.990000",1052,70
"1989-12-10 11:02:46.425000","1994-12-10 11:02:46.425000",1052,80
"1954-09-06 09:49:42.805000","1959-09-06 09:49:42.805000",1052,88
"1990-12-17 03:43:00.532000","1995-12-17 03:43:00.532000",1052,112
"1950-11-08 13:25:23.052000","1955-11-08 13:25:23.052000",1052,124
"1970-07-20 07:41:58.036000","1975-07-20 07:41:58.036000",1052,147
"1963-05-26 16:17:49.521000","1968-05-26 16:17:49.521000",1052,180
"1986-07-26 11:09:49.520000","1991-07-26 11:09:49.520000",1052,186
"1956-08-31 19:07:44.531000","1961-08-31 19:07:44.531000",1052,240
"1956-05-29 12:52:49.173000","1961-05-29 12:52:49.173000",1052,257
"1978-12-12 07:10:27.367000","1983-12-12 07:10:27.367000",1052,264
"1979-08-02 05:12:05.636000","1984-08-02 05:12:05.636000",1052,268
"1965-01-15 16:09:17.500000","1970-01-15 16:09:17.500000",1052,270
"1956-10-18 05:25:24.070000","1961-10-18 05:25:24.070000",1052,271
"1972-08-21 18:19:27.198000","1977-08-21 17:19:27.198000",1052,275
"1959-07-25 03:56:17.988000","1964-07-25 03:56:17.988000",1052,277
"1977-03-19 23:34:18.008000","1982-03-19 23:34:18.008000",1052,279
"1960-08-21 22:31:48.556000","1965-08-21 22:31:48.556000",1052,295
"1967-07-01 00:16:50.746000","1972-07-01 00:16:50.746000",1052,317
"1956-08-16 17:15:59.481000","1961-08-16 17:15:59.481000",1052,321
"1980-06-29 21:18:05.663000","1985-06-29 21:18:05.663000",1052,322
"1972-01-05 00:41:55.065000","1977-01-05 00:41:55.065000",1052,332
"1967-10-20 15:04:23.269000","1972-10-20 15:04:23.269000",1052,334
"1950-08-05 10:30:31.280000","1955-08-05 10:30:31.280000",1052,336
"1957-10-07 03:40:16.092000","1962-10-07 03:40:16.092000",1052,352
"1995-10-25 17:51:37.758000","2000-10-25 16:51:37.758000",1052,354
"1974-03-14 15:28:20.334000","1979-03-14 15:28:20.334000",1052,365
"1957-02-18 06:53:07.036000","1962-02-18 06:53:07.036000",1052,399
"1976-08-22 08:17:48.266000","1981-08-22 08:17:48.266000",1052,404
"1978-06-02 18:36:44.551000","1983-06-02 18:36:44.551000",1052,448
"1974-08-01 11:46:57.768000","1979-08-01 10:46:57.768000",1052,470
"1958-06-24 22:16:14.953000","1963-06-24 22:16:14.953000",1052,496
"1996-09-12 02:55:02.527000","2001-09-12 02:55:02.527000",1052,497
"1984-04-29 16:38:10.392000","1989-04-29 16:38:10.392000",1052,500
"1956-02-28 21:12:51.472000","1961-02-28 21:12:51.472000",1052,524
"1952-06-13 06:29:02.566000","1957-06-13 06:29:02.566000",1052,526
"1995-07-18 00:09:33.704000","2000-07-18 00:09:33.704000",1052,529
"1952-07-14 08:19:48.106000","1957-07-14 08:19:48.106000",1052,546
"1988-01-25 02:14:00.869000","1993-01-25 02:14:00.869000",1052,559
"1994-11-18 14:41:29.129000","1999-11-18 14:41:29.129000",1052,591
"1994-05-17 13:12:21.511000","1999-05-17 13:12:21.511000",1052,629
"1997-07-05 11:27:57.363000","2002-07-05 11:27:57.363000",1052,646
"1960-11-18 22:27:54.205000","1965-11-18 22:27:54.205000",1052,649
"1950-11-11 04:42:44.632000","1955-11-11 04:42:44.632000",1052,653
"1950-06-17 00:31:05.710000","1955-06-17 00:31:05.710000",1052,654
"1999-01-16 03:29:23.614000","2004-01-16 03:29:23.614000",1052,656
"1968-03-09 00:48:50.733000","1973-03-09 00:48:50.733000",1052,708
"1997-04-30 22:24:01.029000","2002-04-30 22:24:01.029000",1052,764
"1967-01-21 19:34:43.842000","1972-01-21 19:34:43.842000",1052,784
"1952-07-15 00:55:59.326000","1957-07-15 00:55:59.326000",1052,805
"1969-06-13 23:26:25.887000","1974-06-13 23:26:25.887000",1052,831
"1967-08-15 12:59:28.153000","1972-08-15 12:59:28.153000",1052,855
"1969-07-25 03:18:19.179000","1974-07-25 03:18:19.179000",1052,870
"1973-01-09 21:57:18.456000","1978-01-09 21:57:18.456000",1052,886
"1959-06-21 22:31:08.686000","1964-06-21 22:31:08.686000",1052,892
"1952-04-27 01:32:40.691000","1957-04-27 01:32:40.691000",1052,896
"1955-01-10 05:08:24.389000","1960-01-10 05:08:24.389000",1052,919
"1981-04-06 09:33:18.071000","1986-04-06 09:33:18.071000",1052,939
"1967-05-16 14:06:46.494000","1972-05-16 14:06:46.494000",1052,987
"1963-09-25 21:33:35.404000","1968-09-25 21:33:35.404000",1052,1006
"1978-10-22 15:40:55.196000","1983-10-22 15:40:55.196000",1052,1009
"1954-04-10 03:55:15.694000","1959-04-10 03:55:15.694000",1052,1010
"1974-09-11 03:39:52.805000","1979-09-11 02:39:52.805000",1052,1015
"1994-09-14 10:55:33.988000","1999-09-14 10:55:33.988000",1052,1022
"1992-05-14 05:11:21.344000","1997-05-14 05:11:21.344000",1052,1027
"1962-03-03 15:18:11.066000","1967-03-03 15:18:11.066000",1052,1036
"1958-07-13 14:04:12.972000","1963-07-13 14:04:12.972000",1053,49
"1990-07-10 17:13:57.565000","1995-07-10 17:13:57.565000",1053,55
"1975-10-23 03:22:02.465000","1980-10-23 03:22:02.465000",1053,61
"1950-04-07 07:36:04.865000","1955-04-07 07:36:04.865000",1053,63
"1982-04-02 11:42:01.879000","1987-04-02 11:42:01.879000",1053,84
"1965-07-09 12:06:49.760000","1970-07-09 12:06:49.760000",1053,93
"1976-06-09 02:10:35.113000","1981-06-09 02:10:35.113000",1053,172
"1954-02-13 09:23:39.856000","1959-02-13 09:23:39.856000",1053,185
"1985-10-07 09:05:58.091000","1990-10-07 09:05:58.091000",1053,190
"1967-04-19 15:35:19.188000","1972-04-19 15:35:19.188000",1053,192
"1980-07-09 12:38:12.209000","1985-07-09 12:38:12.209000",1053,204
"1979-02-28 16:34:20.111000","1984-02-28 16:34:20.111000",1053,206
"1953-04-30 01:18:02.559000","1958-04-30 01:18:02.559000",1053,224
"1950-12-07 18:05:41.134000","1955-12-07 18:05:41.134000",1053,229
"1980-10-30 00:30:55.140000","1985-10-30 00:30:55.140000",1053,252
"1962-01-08 08:23:28.711000","1967-01-08 08:23:28.711000",1053,263
"1953-07-23 09:39:50.038000","1958-07-23 09:39:50.038000",1053,312
"1984-06-20 09:27:17.398000","1989-06-20 09:27:17.398000",1053,316
"1974-05-19 05:06:03.374000","1979-05-19 04:06:03.374000",1053,337
"1965-12-05 20:28:59.866000","1970-12-05 20:28:59.866000",1053,343
"1962-03-11 06:57:49.923000","1967-03-11 06:57:49.923000",1053,347
"1983-06-25 02:11:20.511000","1988-06-25 02:11:20.511000",1053,353
"1965-03-17 03:39:57.412000","1970-03-17 03:39:57.412000",1053,397
"1961-12-02 21:25:38.966000","1966-12-02 21:25:38.966000",1053,408
"1954-05-13 02:58:12.723000","1959-05-13 02:58:12.723000",1053,410
"1992-09-18 22:40:36.932000","1997-09-18 22:40:36.932000",1053,450
"1962-12-25 17:48:03.037000","1967-12-25 17:48:03.037000",1053,468
"1992-09-13 13:41:27.633000","1997-09-13 13:41:27.633000",1053,479
"1968-06-11 03:03:12.287000","1973-06-11 03:03:12.287000",1053,509
"1969-04-02 13:15:11.022000","1974-04-02 13:15:11.022000",1053,532
"1956-05-19 10:22:31.887000","1961-05-19 10:22:31.887000",1053,537
"1957-01-07 00:29:55.015000","1962-01-07 00:29:55.015000",1053,541
"1959-05-30 22:10:43.243000","1964-05-30 22:10:43.243000",1053,547
"1977-07-18 08:47:52.389000","1982-07-18 08:47:52.389000",1053,561
"1971-10-08 08:44:46.037000","1976-10-08 08:44:46.037000",1053,575
"1994-01-16 05:00:20.010000","1999-01-16 05:00:20.010000",1053,630
"1975-09-10 03:12:35.516000","1980-09-10 02:12:35.516000",1053,636
"1954-09-27 15:12:30.445000","1959-09-27 15:12:30.445000",1053,644
"1969-10-29 12:48:27.839000","1974-10-29 12:48:27.839000",1053,662
"1984-12-01 06:48:04.594000","1989-12-01 06:48:04.594000",1053,671
"1996-02-25 19:36:45.564000","2001-02-25 19:36:45.564000",1053,705
"1992-07-14 03:29:16.160000","1997-07-14 03:29:16.160000",1053,749
"1974-01-06 20:12:58.644000","1979-01-06 20:12:58.644000",1053,783
"1962-07-23 05:04:37.038000","1967-07-23 05:04:37.038000",1053,798
"1989-10-27 01:43:36.770000","1994-10-27 01:43:36.770000",1053,808
"1959-10-24 06:16:25.068000","1964-10-24 06:16:25.068000",1053,810
"1978-02-02 20:29:26.455000","1983-02-02 20:29:26.455000",1053,821
"1965-05-23 18:17:25.986000","1970-05-23 18:17:25.986000",1053,863
"1964-07-08 16:13:51.233000","1969-07-08 16:13:51.233000",1053,885
"1976-10-05 06:21:02.706000","1981-10-05 06:21:02.706000",1053,889
"1954-08-15 12:30:25.603000","1959-08-15 12:30:25.603000",1053,894
"1960-05-29 18:32:17.958000","1965-05-29 18:32:17.958000",1053,895
"1958-08-09 22:36:39.456000","1963-08-09 22:36:39.456000",1053,911
"1974-12-12 03:30:43.738000","1979-12-12 03:30:43.738000",1053,913
"1954-10-06 03:39:30.353000","1959-10-06 03:39:30.353000",1053,947
"1991-04-15 20:40:58.608000","1996-04-15 20:40:58.608000",1053,961
"1997-01-09 20:27:33.664000","2002-01-09 20:27:33.664000",1053,964
"1978-12-09 21:22:48.635000","1983-12-09 21:22:48.635000",1053,995
"1986-01-08 10:09:28.798000","1991-01-08 10:09:28.798000",1053,996
"1962-09-27 02:53:35.261000","1967-09-27 02:53:35.261000",1053,1002
"1992-10-14 15:11:08.965000","1997-10-14 14:11:08.965000",1054,46
"1959-02-04 20:18:30.975000","1964-02-04 20:18:30.975000",1054,60
"1952-05-27 04:48:16.036000","1957-05-27 04:48:16.036000",1054,64
"1984-05-22 07:24:17.680000","1989-05-22 07:24:17.680000",1054,69
"1994-10-21 23:33:19.790000","1999-10-21 22:33:19.790000",1054,74
"1967-04-24 17:54:39.530000","1972-04-24 17:54:39.530000",1054,111
"1950-12-07 07:49:43.828000","1955-12-07 07:49:43.828000",1054,127
"1996-10-14 22:23:37.196000","2001-10-14 22:23:37.196000",1054,160
"1999-01-11 07:55:32.672000","2004-01-11 07:55:32.672000",1054,173
"1983-10-11 07:32:21.801000","1988-10-11 07:32:21.801000",1054,174
"1962-09-24 22:47:22.156000","1967-09-24 22:47:22.156000",1054,177
"1954-09-07 02:43:39.494000","1959-09-07 02:43:39.494000",1054,217
"1984-04-02 14:46:42.342000","1989-04-02 14:46:42.342000",1054,218
"1997-05-17 12:42:51.071000","2002-05-17 12:42:51.071000",1054,272
"1954-10-27 20:54:17.703000","1959-10-27 20:54:17.703000",1054,273
"1967-08-24 16:34:57.726000","1972-08-24 16:34:57.726000",1054,304
"1979-07-14 18:23:48.550000","1984-07-14 18:23:48.550000",1054,311
"1998-07-20 19:53:03.537000","2003-07-20 19:53:03.537000",1054,318
"1977-08-24 07:35:01.723000","1982-08-24 07:35:01.723000",1054,324
"1969-02-05 07:07:36.247000","1974-02-05 07:07:36.247000",1054,355
"1984-12-02 23:00:58.313000","1989-12-02 23:00:58.313000",1054,366
"1963-05-05 13:08:47.997000","1968-05-05 13:08:47.997000",1054,372
"1955-04-15 08:27:09.480000","1960-04-15 08:27:09.480000",1054,378
"1954-11-25 17:17:43.107000","1959-11-25 17:17:43.107000",1054,395
"1970-04-25 11:41:33.464000","1975-04-25 11:41:33.464000",1054,444
"1979-01-09 15:14:32.336000","1984-01-09 15:14:32.336000",1054,447
"1998-02-05 17:31:37.861000","2003-02-05 17:31:37.861000",1054,456
"1997-05-25 23:52:35.065000","2002-05-25 23:52:35.065000",1054,469
"1970-10-15 19:44:03.932000","1975-10-15 19:44:03.932000",1054,488
"1976-12-04 08:01:03.421000","1981-12-04 08:01:03.421000",1054,493
"1977-02-06 05:11:25.033000","1982-02-06 05:11:25.033000",1054,518
"1994-07-27 18:38:04.981000","1999-07-27 18:38:04.981000",1054,543
"1963-06-04 21:37:10.086000","1968-06-04 21:37:10.086000",1054,548
"1950-05-18 20:47:47.638000","1955-05-18 20:47:47.638000",1054,558
"1980-02-19 17:07:27.817000","1985-02-19 17:07:27.817000",1054,563
"1991-10-17 08:53:59.689000","1996-10-17 07:53:59.689000",1054,573
"1960-03-23 02:26:50.783000","1965-03-23 02:26:50.783000",1054,577
"1971-02-14 06:14:20.165000","1976-02-14 06:14:20.165000",1054,600
"1994-06-20 05:06:06.564000","1999-06-20 05:06:06.564000",1054,603
"1954-03-19 17:10:24.133000","1959-03-19 17:10:24.133000",1054,612
"1972-07-21 09:50:38.414000","1977-07-21 08:50:38.414000",1054,613
"1969-11-23 11:15:38.565000","1974-11-23 11:15:38.565000",1054,619
"1960-05-08 11:03:31.422000","1965-05-08 11:03:31.422000",1054,621
"1997-04-23 15:40:03.692000","2002-04-23 15:40:03.692000",1054,647
"1956-12-19 10:52:29.908000","1961-12-19 10:52:29.908000",1054,667
"1984-01-24 07:18:46.281000","1989-01-24 07:18:46.281000",1054,692
"1965-02-02 23:36:58.719000","1970-02-02 23:36:58.719000",1054,719
"1993-08-22 13:15:42.923000","1998-08-22 13:15:42.923000",1054,726
"1990-09-21 02:51:47.400000","1995-09-21 02:51:47.400000",1054,736
"1957-09-03 14:39:30.474000","1962-09-03 14:39:30.474000",1054,737
"1958-09-26 05:05:39.736000","1963-09-26 05:05:39.736000",1054,745
"1973-11-09 15:35:35.243000","1978-11-09 15:35:35.243000",1054,752
"1983-01-26 01:12:56.635000","1988-01-26 01:12:56.635000",1054,793
"1990-12-23 08:46:27.287000","1995-12-23 08:46:27.287000",1054,819
"1996-09-26 23:17:11.437000","2001-09-26 23:17:11.437000",1054,822
"1985-12-16 18:45:17.046000","1990-12-16 18:45:17.046000",1054,838
"1986-08-18 16:11:05.879000","1991-08-18 16:11:05.879000",1054,839
"1984-07-19 14:38:06.700000","1989-07-19 14:38:06.700000",1054,861
"1977-08-18 02:58:26.067000","1982-08-18 02:58:26.067000",1054,877
"1955-04-28 18:42:28.727000","1960-04-28 18:42:28.727000",1054,903
"1968-03-17 15:41:53.262000","1973-03-17 15:41:53.262000",1054,904
"1964-01-09 19:56:54.920000","1969-01-09 19:56:54.920000",1054,916
"1958-01-09 06:52:48.089000","1963-01-09 06:52:48.089000",1054,933
"1979-01-23 11:50:13.517000","1984-01-23 11:50:13.517000",1054,951
"1988-10-30 16:11:29.506000","1993-10-30 16:11:29.506000",1054,956
"1990-05-08 18:50:11.581000","1995-05-08 18:50:11.581000",1054,991
"1958-06-05 11:19:21.286000","1963-06-05 11:19:21.286000",1054,1004
"1981-10-18 21:28:50.049000","1986-10-18 21:28:50.049000",1055,78
"1986-05-07 15:38:21.343000","1991-05-07 15:38:21.343000",1055,81
"1954-02-10 13:17:28.942000","1959-02-10 13:17:28.942000",1055,85
"1973-07-22 07:14:20.580000","1978-07-22 06:14:20.580000",1055,89
"1960-09-16 02:15:19.313000","1965-09-16 02:15:19.313000",1055,119
"1970-06-27 12:10:28.297000","1975-06-27 12:10:28.297000",1055,133
"1953-12-18 21:51:11.213000","1958-12-18 21:51:11.213000",1055,136
"1994-11-22 20:02:35.557000","1999-11-22 20:02:35.557000",1055,139
"1968-07-23 20:57:10.479000","1973-07-23 20:57:10.479000",1055,168
"1989-11-04 22:00:26.291000","1994-11-04 22:00:26.291000",1055,179
"1958-09-10 10:35:34.757000","1963-09-10 10:35:34.757000",1055,188
"1994-02-27 18:40:47.376000","1999-02-27 18:40:47.376000",1055,194
"1965-07-04 08:29:49.840000","1970-07-04 08:29:49.840000",1055,216
"1996-11-18 06:12:53.510000","2001-11-18 06:12:53.510000",1055,227
"1959-04-14 18:00:38.830000","1964-04-14 18:00:38.830000",1055,309
"1973-01-19 01:53:10.867000","1978-01-19 01:53:10.867000",1055,313
"1999-01-13 09:00:48.916000","2004-01-13 09:00:48.916000",1055,319
"1964-12-28 09:14:42.681000","1969-12-28 09:14:42.681000",1055,357
"1996-11-07 15:37:45.423000","2001-11-07 15:37:45.423000",1055,385
"1958-12-12 06:44:27.176000","1963-12-12 06:44:27.176000",1055,389
"1985-07-05 18:14:22.279000","1990-07-05 18:14:22.279000",1055,393
"1984-04-09 11:15:42.776000","1989-04-09 11:15:42.776000",1055,405
"1986-01-16 19:15:47.303000","1991-01-16 19:15:47.303000",1055,415
"1996-01-15 02:24:54.551000","2001-01-15 02:24:54.551000",1055,421
"1969-11-27 05:15:29.152000","1974-11-27 05:15:29.152000",1055,440
"1995-12-19 00:05:45.492000","2000-12-19 00:05:45.492000",1055,463
"1958-07-03 13:48:55.354000","1963-07-03 13:48:55.354000",1055,465
"1997-01-25 20:53:19.761000","2002-01-25 20:53:19.761000",1055,474
"1952-06-13 02:44:39.326000","1957-06-13 02:44:39.326000",1055,482
"1984-06-06 13:08:39.158000","1989-06-06 13:08:39.158000",1055,489
"1981-11-28 02:40:48.554000","1986-11-28 02:40:48.554000",1055,502
"1952-09-14 09:23:30.738000","1957-09-14 09:23:30.738000",1055,587
"1972-02-28 10:55:32.728000","1977-02-28 10:55:32.728000",1055,601
"1991-06-27 12:28:39.276000","1996-06-27 12:28:39.276000",1055,608
"1965-05-02 08:14:17.350000","1970-05-02 08:14:17.350000",1055,624
"1950-07-17 23:20:54.842000","1955-07-17 23:20:54.842000",1055,639
"1965-07-22 09:57:32.352000","1970-07-22 09:57:32.352000",1055,655
"1990-05-09 23:14:29.131000","1995-05-09 23:14:29.131000",1055,666
"1985-08-11 12:30:36.363000","1990-08-11 12:30:36.363000",1055,673
"1957-12-21 00:51:24.095000","1962-12-21 00:51:24.095000",1055,675
"1977-01-05 09:15:36.775000","1982-01-05 09:15:36.775000",1055,676
"1994-01-06 04:35:16.855000","1999-01-06 04:35:16.855000",1055,678
"1973-03-17 13:43:29.782000","1978-03-17 13:43:29.782000",1055,693
"1977-10-23 13:12:26.897000","1982-10-23 13:12:26.897000",1055,707
"1961-06-19 06:17:35.363000","1966-06-19 06:17:35.363000",1055,714
"1961-05-28 10:01:34.749000","1966-05-28 10:01:34.749000",1055,728
"1988-11-16 05:42:29.062000","1993-11-16 05:42:29.062000",1055,747
"1966-01-14 20:36:55.084000","1971-01-14 20:36:55.084000",1055,748
"1983-04-23 20:30:28.666000","1988-04-23 20:30:28.666000",1055,757
"1982-01-28 08:41:38.764000","1987-01-28 08:41:38.764000",1055,769
"1985-09-04 05:52:06.075000","1990-09-04 05:52:06.075000",1055,799
"1976-09-05 21:34:31.195000","1981-09-05 21:34:31.195000",1055,815
"1992-05-18 23:07:53.915000","1997-05-18 23:07:53.915000",1055,830
"1964-03-08 02:33:46.665000","1969-03-08 02:33:46.665000",1055,871
"1982-05-22 09:32:36.487000","1987-05-22 09:32:36.487000",1055,880
"1961-07-05 05:59:24.337000","1966-07-05 05:59:24.337000",1055,912
"1950-11-28 17:52:25.755000","1955-11-28 17:52:25.755000",1055,925
"1950-06-14 04:09:38.446000","1955-06-14 04:09:38.446000",1055,928
"1959-03-16 16:27:15.538000","1964-03-16 16:27:15.538000",1055,935
"1982-05-25 15:16:06.512000","1987-05-25 15:16:06.512000",1055,942
"1957-06-22 10:42:57.754000","1962-06-22 10:42:57.754000",1055,944
"1986-01-22 23:15:48.863000","1991-01-22 23:15:48.863000",1055,953
"1989-12-15 07:29:40.498000","1994-12-15 07:29:40.498000",1055,983
"1964-10-11 02:19:21.044000","1969-10-11 02:19:21.044000",1055,986
"1971-10-01 18:33:57.573000","1976-10-01 18:33:57.573000",1055,989
"1972-04-09 08:54:52.042000","1977-04-09 07:54:52.042000",1055,994
"1974-06-11 20:32:45.236000","1979-06-11 19:32:45.236000",1055,1003
"1964-10-07 13:20:08.899000","1969-10-07 13:20:08.899000",1055,1014
"1971-11-01 03:10:20.436000","1976-11-01 03:10:20.436000",1055,1016
"1978-12-07 07:02:54.826000","1983-12-07 07:02:54.826000",1055,1038
"1985-09-19 08:37:48.217000","1990-09-19 08:37:48.217000",1056,47
"1966-08-27 14:52:29.396000","1971-08-27 14:52:29.396000",1056,53
"1978-02-05 16:27:52.654000","1983-02-05 16:27:52.654000",1056,68
"1969-08-27 13:12:18.841000","1974-08-27 13:12:18.841000",1056,71
"1959-08-25 18:52:06.881000","1964-08-25 18:52:06.881000",1056,77
"1970-01-13 21:58:50.435000","1975-01-13 21:58:50.435000",1056,82
"1953-10-29 13:07:51.616000","1958-10-29 13:07:51.616000",1056,118
"1969-07-04 02:55:39.087000","1974-07-04 02:55:39.087000",1056,132
"1994-07-09 07:43:26.878000","1999-07-09 07:43:26.878000",1056,146
"1962-05-19 07:22:22.920000","1967-05-19 07:22:22.920000",1056,175
"1981-12-17 22:10:20.017000","1986-12-17 22:10:20.017000",1056,195
"1959-02-18 05:24:53.510000","1964-02-18 05:24:53.510000",1056,203
"1980-01-14 11:00:57.834000","1985-01-14 11:00:57.834000",1056,223
"1994-08-04 11:18:19.534000","1999-08-04 11:18:19.534000",1056,232
"1970-11-22 13:58:36.927000","1975-11-22 13:58:36.927000",1056,234
"1994-07-21 22:12:51.541000","1999-07-21 22:12:51.541000",1056,238
"1969-04-13 13:03:09.504000","1974-04-13 13:03:09.504000",1056,246
"1993-05-25 07:07:34.582000","1998-05-25 07:07:34.582000",1056,256
"1987-11-29 14:33:50.017000","1992-11-29 14:33:50.017000",1056,260
"1964-04-28 01:18:29.669000","1969-04-28 01:18:29.669000",1056,269
"1968-01-27 14:30:22.198000","1973-01-27 14:30:22.198000",1056,276
"1987-09-02 22:15:56.815000","1992-09-02 22:15:56.815000",1056,285
"1993-06-25 03:26:06.345000","1998-06-25 03:26:06.345000",1056,290
"1978-09-19 06:10:48.305000","1983-09-19 06:10:48.305000",1056,333
"1983-12-22 10:24:22.254000","1988-12-22 10:24:22.254000",1056,349
"1998-10-28 23:36:15.428000","2003-10-28 23:36:15.428000",1056,391
"1997-12-11 22:10:25.584000","2002-12-11 22:10:25.584000",1056,400
"1950-03-14 07:14:45.699000","1955-03-14 07:14:45.699000",1056,406
"1986-05-23 01:32:31.098000","1991-05-23 01:32:31.098000",1056,422
"1973-07-07 18:37:39.328000","1978-07-07 17:37:39.328000",1056,433
"1982-08-21 13:23:20.742000","1987-08-21 13:23:20.742000",1056,441
"1998-02-12 22:14:06.479000","2003-02-12 22:14:06.479000",1056,462
"1953-06-25 03:57:11.807000","1958-06-25 03:57:11.807000",1056,471
"1981-07-16 09:42:11.751000","1986-07-16 09:42:11.751000",1056,477
"1990-02-21 21:02:59.589000","1995-02-21 21:02:59.589000",1056,485
"1954-12-26 01:21:05.460000","1959-12-26 01:21:05.460000",1056,508
"1971-05-09 10:47:39.920000","1976-05-09 09:47:39.920000",1056,513
"1992-08-24 12:10:52.389000","1997-08-24 12:10:52.389000",1056,565
"1978-07-30 22:51:11.489000","1983-07-30 22:51:11.489000",1056,589
"1959-11-25 10:20:00.532000","1964-11-25 10:20:00.532000",1056,592
"1958-01-04 14:43:26.707000","1963-01-04 14:43:26.707000",1056,593
"1995-05-15 20:06:31.196000","2000-05-15 20:06:31.196000",1056,596
"1985-07-15 02:18:58.773000","1990-07-15 02:18:58.773000",1056,597
"1986-09-19 03:34:41.048000","1991-09-19 03:34:41.048000",1056,610
"1978-01-01 19:12:35.718000","1983-01-01 19:12:35.718000",1056,632
"1953-10-25 12:06:34.127000","1958-10-25 12:06:34.127000",1056,633
"1961-01-24 16:06:54.069000","1966-01-24 16:06:54.069000",1056,641
"1963-10-16 07:24:26.261000","1968-10-16 07:24:26.261000",1056,660
"1990-05-26 18:24:26.632000","1995-05-26 18:24:26.632000",1056,686
"1998-10-11 23:17:15.688000","2003-10-11 23:17:15.688000",1056,722
"1965-01-02 10:22:36.445000","1970-01-02 10:22:36.445000",1056,725
"1954-01-20 21:19:50.636000","1959-01-20 21:19:50.636000",1056,756
"1982-05-17 01:16:01.875000","1987-05-17 01:16:01.875000",1056,765
"1990-12-03 11:53:14.830000","1995-12-03 11:53:14.830000",1056,777
"1953-12-22 13:25:36.467000","1958-12-22 13:25:36.467000",1056,779
"1957-01-25 23:38:45.188000","1962-01-25 23:38:45.188000",1056,790
"1997-07-05 08:47:26.876000","2002-07-05 08:47:26.876000",1056,858
"1977-07-21 21:45:09.822000","1982-07-21 21:45:09.822000",1056,865
"1952-05-07 08:19:04.213000","1957-05-07 08:19:04.213000",1056,866
"1950-03-15 00:46:10.227000","1955-03-15 00:46:10.227000",1056,926
"1964-05-27 09:12:37.570000","1969-05-27 09:12:37.570000",1056,929
"1960-04-09 17:00:47.684000","1965-04-09 17:00:47.684000",1056,937
"1953-06-04 01:34:10.085000","1958-06-04 01:34:10.085000",1056,938
"1953-11-10 05:40:38.174000","1958-11-10 05:40:38.174000",1056,945
"1959-01-15 05:01:33.518000","1964-01-15 05:01:33.518000",1056,955
"1982-02-13 00:41:50.366000","1987-02-13 00:41:50.366000",1056,959
"1964-09-11 16:34:28.954000","1969-09-11 16:34:28.954000",1056,965
"1971-12-07 06:31:23.263000","1976-12-07 06:31:23.263000",1056,970
"1985-08-11 19:02:15.754000","1990-08-11 19:02:15.754000",1056,972
"1956-05-10 23:41:13.698000","1961-05-10 23:41:13.698000",1056,980
"1983-05-11 13:38:49.528000","1988-05-11 13:38:49.528000",1056,985
"1993-02-17 17:22:30.134000","1998-02-17 17:22:30.134000",1056,999
"1966-11-13 20:14:25.120000","1971-11-13 20:14:25.120000",1056,1005
"1953-12-26 03:47:24.972000","1958-12-26 03:47:24.972000",1056,1007
"1982-08-25 09:33:22.081000","1987-08-25 09:33:22.081000",1056,1013
"1973-11-21 16:05:20.105000","1978-11-21 16:05:20.105000",1056,1035
"1955-01-24 23:38:23.810000","1960-01-24 23:38:23.810000",1057,66
"1977-10-18 16:27:00.539000","1982-10-18 16:27:00.539000",1057,79
"1969-10-09 01:59:45.569000","1974-10-09 01:59:45.569000",1057,86
"1960-05-30 19:57:36.552000","1965-05-30 19:57:36.552000",1057,115
"1991-07-06 13:37:15.968000","1996-07-06 13:37:15.968000",1057,120
"1974-07-25 14:18:51.094000","1979-07-25 13:18:51.094000",1057,141
"1997-10-12 03:58:32.506000","2002-10-12 03:58:32.506000",1057,143
"1979-02-13 17:40:12.262000","1984-02-13 17:40:12.262000",1057,149
"1972-01-01 09:37:53.601000","1977-01-01 09:37:53.601000",1057,150
"1956-03-13 04:15:20.139000","1961-03-13 04:15:20.139000",1057,159
"1967-03-09 13:37:56.176000","1972-03-09 13:37:56.176000",1057,164
"1978-05-17 20:11:20.677000","1983-05-17 20:11:20.677000",1057,167
"1980-01-02 20:05:06.398000","1985-01-02 20:05:06.398000",1057,169
"1975-12-20 10:47:40.372000","1980-12-20 10:47:40.372000",1057,181
"1983-08-10 02:20:51.656000","1988-08-10 02:20:51.656000",1057,184
"1968-04-20 21:57:37.236000","1973-04-20 21:57:37.236000",1057,201
"1991-01-19 04:35:25.172000","1996-01-19 04:35:25.172000",1057,205
"1973-06-14 21:04:37.392000","1978-06-14 20:04:37.392000",1057,230
"1965-10-03 05:45:19.650000","1970-10-03 05:45:19.650000",1057,262
"1975-04-17 08:29:22.882000","1980-04-17 07:29:22.882000",1057,291
"1965-06-17 21:52:20.071000","1970-06-17 21:52:20.071000",1057,293
"1976-09-12 04:18:33.480000","1981-09-12 04:18:33.480000",1057,302
"1971-02-12 07:36:59.701000","1976-02-12 07:36:59.701000",1057,310
"1995-07-13 00:55:06.074000","2000-07-13 00:55:06.074000",1057,327
"1974-10-31 09:10:30.019000","1979-10-31 09:10:30.019000",1057,345
"1953-01-17 12:13:07.237000","1958-01-17 12:13:07.237000",1057,359
"1987-12-09 08:18:19.873000","1992-12-09 08:18:19.873000",1057,362
"1980-08-24 05:57:50.913000","1985-08-24 05:57:50.913000",1057,371
"1980-05-15 23:02:43.776000","1985-05-15 23:02:43.776000",1057,376
"1962-06-18 03:13:35.437000","1967-06-18 03:13:35.437000",1057,377
"1971-05-16 15:57:37.286000","1976-05-16 14:57:37.286000",1057,386
"1990-03-24 08:31:46.756000","1995-03-24 08:31:46.756000",1057,394
"1962-04-20 01:50:23.752000","1967-04-20 01:50:23.752000",1057,414
"1995-03-08 00:18:04.673000","2000-03-08 00:18:04.673000",1057,439
"1950-04-17 00:32:59.218000","1955-04-17 00:32:59.218000",1057,445
"1957-05-08 22:13:37.412000","1962-05-08 22:13:37.412000",1057,451
"1991-08-12 19:27:46.536000","1996-08-12 19:27:46.536000",1057,455
"1977-10-14 02:12:42.985000","1982-10-14 02:12:42.985000",1057,472
"1996-11-25 17:51:44.188000","2001-11-25 17:51:44.188000",1057,491
"1964-01-30 15:08:16.217000","1969-01-30 15:08:16.217000",1057,517
"1953-01-29 10:25:39.722000","1958-01-29 10:25:39.722000",1057,522
"1983-09-29 21:37:03.920000","1988-09-29 21:37:03.920000",1057,527
"1991-03-19 23:27:58.738000","1996-03-19 23:27:58.738000",1057,549
"1982-09-08 11:44:12.291000","1987-09-08 11:44:12.291000",1057,554
"1997-12-17 16:18:26.192000","2002-12-17 16:18:26.192000",1057,583
"1987-06-21 21:40:46.939000","1992-06-21 21:40:46.939000",1057,586
"1953-02-19 22:26:12.168000","1958-02-19 22:26:12.168000",1057,609
"1969-09-25 15:43:07.614000","1974-09-25 15:43:07.614000",1057,616
"1991-02-13 06:19:04.821000","1996-02-13 06:19:04.821000",1057,625
"1959-03-14 11:55:25.153000","1964-03-14 11:55:25.153000",1057,651
"1981-07-03 05:41:15.252000","1986-07-03 05:41:15.252000",1057,665
"1950-06-29 12:19:15.780000","1955-06-29 12:19:15.780000",1057,695
"1956-10-16 16:24:00.448000","1961-10-16 16:24:00.448000",1057,700
"1977-08-02 17:08:31.588000","1982-08-02 17:08:31.588000",1057,718
"1991-05-07 21:33:06.381000","1996-05-07 21:33:06.381000",1057,721
"1991-10-02 01:44:13.245000","1996-10-02 00:44:13.245000",1057,743
"1960-12-01 01:18:04.525000","1965-12-01 01:18:04.525000",1057,744
"1969-10-28 15:57:01.015000","1974-10-28 15:57:01.015000",1057,767
"1953-09-16 03:19:09.194000","1958-09-16 03:19:09.194000",1057,770
"1955-01-28 10:30:26.202000","1960-01-28 10:30:26.202000",1057,788
"1956-04-15 05:47:12.516000","1961-04-15 05:47:12.516000",1057,814
"1967-08-08 13:03:15.395000","1972-08-08 13:03:15.395000",1057,826
"1963-03-27 15:38:48.461000","1968-03-27 15:38:48.461000",1057,827
"1984-03-19 22:35:07.770000","1989-03-19 22:35:07.770000",1057,829
"1970-07-09 05:32:37.816000","1975-07-09 05:32:37.816000",1057,846
"1995-01-23 18:47:52.529000","2000-01-23 18:47:52.529000",1057,852
"1993-04-05 23:44:34.819000","1998-04-05 23:44:34.819000",1057,853
"1968-10-19 17:55:27.247000","1973-10-19 17:55:27.247000",1057,856
"1980-11-20 09:29:47.604000","1985-11-20 09:29:47.604000",1057,867
"1970-11-21 05:27:01.510000","1975-11-21 05:27:01.510000",1057,878
"1967-08-23 19:28:42.100000","1972-08-23 19:28:42.100000",1057,884
"1978-01-15 10:04:02.668000","1983-01-15 10:04:02.668000",1057,920
"1967-03-25 11:13:05.961000","1972-03-25 11:13:05.961000",1057,957
"1950-12-17 12:30:13.205000","1955-12-17 12:30:13.205000",1057,971
"1961-02-12 00:20:16.558000","1966-02-12 00:20:16.558000",1057,973
"1982-07-12 07:08:13.001000","1987-07-12 07:08:13.001000",1057,974
"1970-09-29 04:01:56.898000","1975-09-29 04:01:56.898000",1057,992
"1955-12-07 17:21:44.274000","1960-12-07 17:21:44.274000",1057,1017
"1987-12-24 11:01:21.890000","1992-12-24 11:01:21.890000",1057,1021
"1972-01-04 12:28:12.860000","1977-01-04 12:28:12.860000",1057,1037
"1955-06-14 07:11:52.039000","1960-06-14 07:11:52.039000",1057,1040
"1995-08-09 23:11:21.452000","2000-08-09 23:11:21.452000",1058,52
"1957-10-30 02:13:31.202000","1962-10-30 02:13:31.202000",1058,92
"1997-06-25 19:10:23.839000","2002-06-25 19:10:23.839000",1058,102
"1958-01-21 06:02:53.388000","1963-01-21 06:02:53.388000",1058,113
"1990-02-26 13:28:23.140000","1995-02-26 13:28:23.140000",1058,117
"1988-05-25 09:27:47.170000","1993-05-25 09:27:47.170000",1058,137
"1962-09-15 04:48:02.210000","1967-09-15 04:48:02.210000",1058,142
"1977-04-28 22:03:57.618000","1982-04-28 22:03:57.618000",1058,144
"1980-08-23 05:05:32.010000","1985-08-23 05:05:32.010000",1058,151
"1993-05-12 13:27:10.445000","1998-05-12 13:27:10.445000",1058,153
"1974-12-10 08:22:18.552000","1979-12-10 08:22:18.552000",1058,157
"1977-09-09 18:16:49.173000","1982-09-09 18:16:49.173000",1058,161
"1964-02-26 12:56:28.066000","1969-02-26 12:56:28.066000",1058,165
"1984-08-09 23:22:14.381000","1989-08-09 23:22:14.381000",1058,166
"1956-10-10 00:10:39.512000","1961-10-10 00:10:39.512000",1058,207
"1962-08-12 21:02:45.589000","1967-08-12 21:02:45.589000",1058,225
"1989-04-10 11:55:50.902000","1994-04-10 11:55:50.902000",1058,235
"1980-11-26 05:44:59.023000","1985-11-26 05:44:59.023000",1058,244
"1983-04-09 14:22:14.352000","1988-04-09 14:22:14.352000",1058,249
"1991-12-27 23:37:22.358000","1996-12-27 23:37:22.358000",1058,250
"1955-05-24 10:36:12.068000","1960-05-24 10:36:12.068000",1058,299
"1964-02-07 11:59:09.656000","1969-02-07 11:59:09.656000",1058,342
"1956-08-05 21:26:47.575000","1961-08-05 21:26:47.575000",1058,356
"1992-09-13 00:24:42.599000","1997-09-13 00:24:42.599000",1058,364
"1986-02-15 18:28:44.358000","1991-02-15 18:28:44.358000",1058,374
"1993-03-26 22:38:33.853000","1998-03-26 22:38:33.853000",1058,375
"1995-05-11 14:14:04.213000","2000-05-11 14:14:04.213000",1058,388
"1963-03-23 23:10:31.037000","1968-03-23 23:10:31.037000",1058,392
"1967-09-03 13:22:43.556000","1972-09-03 13:22:43.556000",1058,419
"1995-04-15 14:43:54.086000","2000-04-15 14:43:54.086000",1058,435
"1990-03-03 12:21:13.605000","1995-03-03 12:21:13.605000",1058,453
"1957-02-09 10:21:15.736000","1962-02-09 10:21:15.736000",1058,457
"1985-12-01 00:23:31.716000","1990-12-01 00:23:31.716000",1058,515
"1981-01-29 05:25:21.538000","1986-01-29 05:25:21.538000",1058,530
"1971-02-05 20:11:47.582000","1976-02-05 20:11:47.582000",1058,540
"1967-04-14 16:42:56.923000","1972-04-14 16:42:56.923000",1058,551
"1957-09-15 12:35:37.714000","1962-09-15 12:35:37.714000",1058,580
"1953-05-25 05:48:07.958000","1958-05-25 05:48:07.958000",1058,615
"1975-09-15 04:00:37.817000","1980-09-15 03:00:37.817000",1058,645
"1981-06-27 05:34:42.849000","1986-06-27 05:34:42.849000",1058,648
"1965-05-18 09:31:59.730000","1970-05-18 09:31:59.730000",1058,650
"1959-12-13 13:00:34.409000","1964-12-13 13:00:34.409000",1058,659
"1973-08-14 15:02:23.933000","1978-08-14 14:02:23.933000",1058,680
"1956-01-14 09:18:17.347000","1961-01-14 09:18:17.347000",1058,688
"1986-09-04 17:53:33.197000","1991-09-04 17:53:33.197000",1058,720
"1990-02-10 13:51:36.006000","1995-02-10 13:51:36.006000",1058,729
"1988-07-26 21:49:52.253000","1993-07-26 21:49:52.253000",1058,730
"1954-02-21 21:48:29.451000","1959-02-21 21:48:29.451000",1058,735
"1993-06-06 14:04:31.606000","1998-06-06 14:04:31.606000",1058,739
"1959-01-28 15:59:19.938000","1964-01-28 15:59:19.938000",1058,750
"1975-02-15 03:08:07.952000","1980-02-15 03:08:07.952000",1058,754
"1971-12-09 08:42:23.456000","1976-12-09 08:42:23.456000",1058,760
"1967-10-15 01:11:57.273000","1972-10-15 01:11:57.273000",1058,768
"1974-11-26 22:20:38.139000","1979-11-26 22:20:38.139000",1058,781
"1971-07-06 10:40:15.165000","1976-07-06 09:40:15.165000",1058,789
"1983-06-07 20:58:36.511000","1988-06-07 20:58:36.511000",1058,812
"1964-02-10 09:02:07.128000","1969-02-10 09:02:07.128000",1058,828
"1993-08-07 10:58:01.969000","1998-08-07 10:58:01.969000",1058,881
"1998-03-25 13:26:42.392000","2003-03-25 13:26:42.392000",1058,900
"1960-12-27 11:11:33.123000","1965-12-27 11:11:33.123000",1058,906
"1979-07-30 06:10:31.340000","1984-07-30 06:10:31.340000",1058,914
"1984-08-16 05:40:20.702000","1989-08-16 05:40:20.702000",1058,915
"1956-03-03 01:33:43.411000","1961-03-03 01:33:43.411000",1058,946
"1965-03-26 00:55:55.565000","1970-03-26 00:55:55.565000",1058,954
"1967-08-05 18:18:04.588000","1972-08-05 18:18:04.588000",1058,968
"1955-08-27 08:12:40.941000","1960-08-27 08:12:40.941000",1058,979
"1997-12-28 16:38:40.938000","2002-12-28 16:38:40.938000",1058,981
"1970-04-07 00:15:33.660000","1975-04-07 00:15:33.660000",1058,1025
"1976-08-03 07:52:30.095000","1981-08-03 07:52:30.095000",1059,59
"1976-07-02 12:22:34.251000","1981-07-02 12:22:34.251000",1059,65
"1989-01-21 16:34:03.396000","1994-01-21 16:34:03.396000",1059,122
"1990-04-16 19:11:16.321000","1995-04-16 19:11:16.321000",1059,152
"1975-07-16 02:45:08.404000","1980-07-16 01:45:08.404000",1059,155
"1974-09-28 23:30:13.687000","1979-09-28 22:30:13.687000",1059,212
"1959-11-30 23:07:38.257000","1964-11-30 23:07:38.257000",1059,213
"1955-01-01 16:53:47.513000","1960-01-01 16:53:47.513000",1059,215
"1984-09-20 08:53:40.770000","1989-09-20 08:53:40.770000",1059,221
"1951-02-10 06:55:11.376000","1956-02-10 06:55:11.376000",1059,228
"1991-07-18 09:29:35.896000","1996-07-18 09:29:35.896000",1059,253
"1987-09-09 06:45:50.017000","1992-09-09 06:45:50.017000",1059,261
"1970-07-22 03:12:31.252000","1975-07-22 03:12:31.252000",1059,265
"1982-07-08 19:09:46.639000","1987-07-08 19:09:46.639000",1059,266
"1976-09-03 01:38:05.481000","1981-09-03 01:38:05.481000",1059,282
"1979-01-13 02:09:02.620000","1984-01-13 02:09:02.620000",1059,296
"1960-08-16 03:24:51.082000","1965-08-16 03:24:51.082000",1059,325
"1950-08-10 16:32:42.513000","1955-08-10 16:32:42.513000",1059,326
"1969-06-25 10:58:28.976000","1974-06-25 10:58:28.976000",1059,339
"1972-10-24 09:46:42.000000","1977-10-24 09:46:42.000000",1059,344
"1992-05-03 15:17:29.029000","1997-05-03 15:17:29.029000",1059,348
"1955-02-11 14:08:59.812000","1960-02-11 14:08:59.812000",1059,351
"1995-05-15 18:47:06.809000","2000-05-15 18:47:06.809000",1059,407
"1969-05-01 04:20:38.753000","1974-05-01 04:20:38.753000",1059,423
"1970-02-13 05:18:44.350000","1975-02-13 05:18:44.350000",1059,436
"1981-12-21 18:13:50.444000","1986-12-21 18:13:50.444000",1059,437
"1997-06-14 21:35:53.193000","2002-06-14 21:35:53.193000",1059,452
"1954-02-01 22:14:35.157000","1959-02-01 22:14:35.157000",1059,459
"1952-01-19 17:10:50.164000","1957-01-19 17:10:50.164000",1059,476
"1990-09-02 14:35:41.150000","1995-09-02 14:35:41.150000",1059,486
"1992-06-20 17:28:33.680000","1997-06-20 17:28:33.680000",1059,521
"1981-02-17 07:41:13.985000","1986-02-17 07:41:13.985000",1059,538
"1965-02-27 14:57:00.607000","1970-02-27 14:57:00.607000",1059,542
"1993-11-21 20:29:40.543000","1998-11-21 20:29:40.543000",1059,569
"1984-03-22 01:17:44.550000","1989-03-22 01:17:44.550000",1059,594
"1992-12-03 09:44:09.130000","1997-12-03 09:44:09.130000",1059,606
"1970-08-07 22:54:25.613000","1975-08-07 22:54:25.613000",1059,618
"1997-09-06 03:26:40.455000","2002-09-06 03:26:40.455000",1059,620
"1968-12-01 12:43:43.826000","1973-12-01 12:43:43.826000",1059,623
"1996-03-18 20:11:51.399000","2001-03-18 20:11:51.399000",1059,627
"1967-02-05 12:48:01.684000","1972-02-05 12:48:01.684000",1059,637
"1954-09-04 00:29:39.541000","1959-09-04 00:29:39.541000",1059,664
"1959-03-26 07:14:49.106000","1964-03-26 07:14:49.106000",1059,670
"1956-02-05 20:41:25.726000","1961-02-05 20:41:25.726000",1059,683
"1958-09-04 20:02:23.382000","1963-09-04 20:02:23.382000",1059,690
"1960-05-27 22:42:10.155000","1965-05-27 22:42:10.155000",1059,698
"1971-04-01 14:02:49.922000","1976-04-01 13:02:49.922000",1059,703
"1963-10-04 20:26:54.019000","1968-10-04 20:26:54.019000",1059,713
"1985-04-23 07:33:50.656000","1990-04-23 07:33:50.656000",1059,766
"1963-10-30 07:38:25.570000","1968-10-30 07:38:25.570000",1059,773
"1954-09-06 09:47:13.242000","1959-09-06 09:47:13.242000",1059,791
"1968-09-30 22:03:49.383000","1973-09-30 22:03:49.383000",1059,794
"1952-01-16 22:09:37.910000","1957-01-16 22:09:37.910000",1059,800
"1961-10-23 14:23:09.129000","1966-10-23 14:23:09.129000",1059,811
"1982-01-02 00:35:43.434000","1987-01-02 00:35:43.434000",1059,813
"1998-07-22 18:08:29.351000","2003-07-22 18:08:29.351000",1059,816
"1973-04-02 13:46:53.447000","1978-04-02 12:46:53.447000",1059,825
"1996-07-01 05:18:21.438000","2001-07-01 05:18:21.438000",1059,834
"1975-03-21 16:33:19.952000","1980-03-21 16:33:19.952000",1059,875
"1990-02-10 21:45:24.675000","1995-02-10 21:45:24.675000",1059,893
"1958-08-06 16:03:55.429000","1963-08-06 16:03:55.429000",1059,908
"1998-11-22 22:57:05.879000","2003-11-22 22:57:05.879000",1059,923
"1956-07-24 19:27:53.450000","1961-07-24 19:27:53.450000",1059,960
"1955-01-26 19:21:54.759000","1960-01-26 19:21:54.759000",1059,977
"1996-12-14 22:35:36.712000","2001-12-14 22:35:36.712000",1059,982
"1983-09-25 01:11:07.129000","1988-09-25 01:11:07.129000",1059,1018
"1960-11-22 00:46:12.918000","1965-11-22 00:46:12.918000",1059,1026
"1991-11-11 01:45:12.245000","1996-11-11 01:45:12.245000",1059,1032
"1994-05-16 16:43:53.677000","1999-05-16 16:43:53.677000",1059,1039
