ami_de_id,ami_id
92,45
203,45
251,45
335,45
345,45
442,45
566,45
680,45
738,45
764,45
832,45
958,45
143,46
376,46
438,46
481,46
501,46
574,46
823,46
958,46
1022,46
173,47
196,47
214,47
232,47
329,47
364,47
681,47
798,47
826,47
896,47
948,47
964,47
92,48
132,48
264,48
279,48
337,48
424,48
521,48
530,48
688,48
848,48
858,48
897,48
964,48
168,49
290,49
552,49
574,49
576,49
649,49
696,49
806,49
815,49
817,49
104,50
150,50
180,50
261,50
342,50
393,50
412,50
445,50
452,50
811,50
962,50
111,51
125,51
323,51
460,51
755,51
893,51
926,51
1014,51
186,52
257,52
388,52
589,52
625,52
659,52
678,52
707,52
712,52
741,52
815,52
46,53
114,53
175,53
184,53
336,53
434,53
556,53
607,53
616,53
649,53
704,53
712,53
884,53
939,53
1028,53
525,54
560,54
679,54
866,54
898,54
956,54
1011,54
84,55
126,55
301,55
366,55
468,55
585,55
673,55
768,55
784,55
871,55
1019,55
101,56
307,56
332,56
444,56
465,56
945,56
79,57
277,57
319,57
444,57
533,57
725,57
936,57
982,57
121,58
127,58
282,58
345,58
559,58
621,58
722,58
843,58
1010,58
105,59
239,59
399,59
405,59
477,59
556,59
630,59
780,59
793,59
964,59
1005,59
180,60
683,60
700,60
862,60
983,60
1005,60
110,61
204,61
211,61
259,61
477,61
688,61
976,61
45,62
49,62
73,62
138,62
661,62
724,62
729,62
735,62
828,62
1027,62
66,63
95,63
193,63
208,63
302,63
443,63
484,63
558,63
584,63
643,63
951,63
953,63
51,64
75,64
254,64
281,64
286,64
294,64
310,64
353,64
413,64
430,64
444,64
796,64
1002,64
64,65
246,65
263,65
313,65
496,65
557,65
577,65
598,65
667,65
900,65
79,66
202,66
363,66
532,66
565,66
634,66
751,66
911,66
57,67
109,67
121,67
209,67
215,67
219,67
506,67
544,67
803,67
952,67
962,67
1021,67
70,68
91,68
364,68
494,68
625,68
892,68
61,69
144,69
146,69
354,69
855,69
964,69
161,70
360,70
544,70
586,70
642,70
755,70
940,70
1016,70
215,71
358,71
366,71
396,71
538,71
599,71
655,71
661,71
764,71
892,71
905,71
915,71
98,72
285,72
337,72
340,72
1015,72
1037,72
316,73
424,73
542,73
544,73
884,73
893,73
903,73
956,73
984,73
1028,73
162,74
285,74
353,74
478,74
695,74
786,74
909,74
946,74
1016,74
48,75
110,75
193,75
513,75
519,75
660,75
1002,75
188,76
199,76
318,76
487,76
539,76
558,76
568,76
589,76
668,76
843,76
74,77
179,77
226,77
468,77
514,77
611,77
842,77
942,77
994,77
112,78
142,78
156,78
219,78
506,78
516,78
713,78
936,78
971,78
1038,78
369,79
380,79
432,79
447,79
522,79
527,79
745,79
815,79
52,80
229,80
293,80
577,80
578,80
585,80
613,80
635,80
911,80
973,80
990,80
1030,80
88,81
140,81
256,81
418,81
633,81
754,81
777,81
890,81
70,82
87,82
138,82
165,82
520,82
653,82
794,82
814,82
99,83
269,83
301,83
307,83
314,83
365,83
420,83
580,83
587,83
787,83
926,83
66,84
108,84
126,84
202,84
315,84
323,84
417,84
715,84
90,85
184,85
467,85
512,85
540,85
774,85
285,86
538,86
557,86
584,86
635,86
761,86
952,86
998,86
259,87
295,87
352,87
394,87
493,87
514,87
777,87
851,87
910,87
928,87
958,87
139,88
189,88
254,88
261,88
424,88
459,88
649,88
718,88
775,88
778,88
923,88
999,88
1031,88
240,89
282,89
302,89
421,89
438,89
448,89
495,89
510,89
600,89
619,89
662,89
759,89
828,89
1007,89
66,90
133,90
191,90
357,90
458,90
504,90
593,90
810,90
821,90
875,90
1040,90
224,91
407,91
488,91
609,91
754,91
771,91
839,91
920,91
960,91
995,91
83,92
208,92
224,92
290,92
322,92
391,92
965,92
1001,92
503,93
533,93
90,94
144,94
146,94
152,94
277,94
301,94
400,94
506,94
567,94
45,95
101,95
352,95
353,95
671,95
714,95
803,95
1008,95
1009,95
235,96
543,96
636,96
886,96
947,96
1044,96
87,97
94,97
101,97
322,97
371,97
518,97
593,97
636,97
725,97
780,97
497,98
671,98
889,98
935,98
88,99
153,99
173,99
331,99
524,99
840,99
67,100
130,100
177,100
546,100
567,100
732,100
785,100
941,100
1038,100
93,101
241,101
351,101
568,101
578,101
666,101
686,101
721,101
737,101
775,101
118,102
211,102
240,102
275,102
413,102
460,102
503,102
653,102
762,102
897,102
982,102
138,103
153,103
167,103
183,103
360,103
578,103
720,103
774,103
804,103
944,103
992,103
92,104
502,104
594,104
636,104
673,104
859,104
922,104
88,105
116,105
122,105
254,105
263,105
340,105
374,105
457,105
486,105
632,105
890,105
183,106
297,106
346,106
356,106
457,106
583,106
661,106
669,106
292,107
296,107
426,107
565,107
674,107
820,107
922,107
955,107
1026,107
150,108
209,108
411,108
416,108
469,108
481,108
617,108
628,108
714,108
764,108
777,108
802,108
994,108
148,109
566,109
652,109
703,109
756,109
849,109
924,109
50,110
285,110
392,110
695,110
747,110
799,110
224,111
232,111
337,111
338,111
340,111
676,111
708,111
908,111
936,111
1015,111
203,112
229,112
244,112
372,112
571,112
595,112
618,112
664,112
669,112
671,112
681,112
999,112
210,113
271,113
337,113
399,113
459,113
675,113
735,113
829,113
1001,113
1035,113
166,114
385,114
441,114
537,114
572,114
876,114
941,114
964,114
219,115
438,115
464,115
912,115
955,115
958,115
966,115
68,116
240,116
342,116
449,116
463,116
669,116
770,116
889,116
130,117
144,117
160,117
272,117
301,117
352,117
388,117
480,117
569,117
574,117
836,117
877,117
999,117
141,118
158,118
259,118
368,118
451,118
524,118
590,118
595,118
616,118
919,118
955,118
103,119
154,119
203,119
209,119
245,119
771,119
951,119
964,119
126,120
354,120
363,120
433,120
462,120
503,120
519,120
598,120
652,120
682,120
761,120
773,120
990,120
991,120
48,121
257,121
260,121
344,121
397,121
461,121
464,121
556,121
617,121
762,121
878,121
915,121
66,122
159,122
226,122
447,122
498,122
519,122
559,122
655,122
721,122
729,122
780,122
868,122
869,122
873,122
111,123
186,123
208,123
341,123
402,123
410,123
454,123
512,123
658,123
661,123
680,123
938,123
1036,123
1041,123
60,124
196,124
202,124
229,124
291,124
309,124
311,124
450,124
595,124
632,124
748,124
861,124
1024,124
84,125
165,125
196,125
198,125
729,125
780,125
839,125
980,125
1038,125
292,126
390,126
392,126
452,126
584,126
694,126
830,126
840,126
875,126
52,127
67,127
222,127
312,127
367,127
466,127
496,127
701,127
713,127
230,128
406,128
417,128
490,128
515,128
521,128
721,128
790,128
932,128
1012,128
1013,128
1031,128
1032,128
181,129
289,129
307,129
405,129
640,129
816,129
841,129
100,130
283,130
654,130
732,130
865,130
884,130
885,130
917,130
164,131
530,131
561,131
692,131
849,131
856,131
866,131
1014,131
58,132
80,132
306,132
318,132
415,132
522,132
535,132
539,132
589,132
821,132
931,132
149,133
279,133
330,133
339,133
452,133
593,133
703,133
709,133
792,133
852,133
912,133
1025,133
129,134
143,134
172,134
187,134
239,134
294,134
317,134
332,134
421,134
527,134
540,134
595,134
101,135
246,135
279,135
288,135
800,135
53,136
168,136
174,136
316,136
325,136
326,136
347,136
427,136
463,136
485,136
601,136
672,136
735,136
751,136
783,136
888,136
958,136
90,137
180,137
264,137
329,137
354,137
556,137
563,137
687,137
1000,137
126,138
148,138
165,138
248,138
275,138
320,138
326,138
406,138
516,138
606,138
670,138
1017,138
224,139
396,139
421,139
486,139
517,139
558,139
599,139
622,139
675,139
48,140
81,140
261,140
312,140
402,140
571,140
739,140
783,140
801,140
828,140
856,140
874,140
252,141
368,141
408,141
411,141
471,141
536,141
591,141
610,141
704,141
853,141
892,141
899,141
966,141
1015,141
322,142
347,142
716,142
742,142
841,142
1023,142
80,143
188,143
224,143
234,143
280,143
400,143
443,143
667,143
740,143
761,143
771,143
842,143
958,143
960,143
97,144
155,144
374,144
381,144
718,144
771,144
1013,144
230,145
289,145
525,145
544,145
770,145
848,145
895,145
924,145
926,145
147,146
153,146
445,146
461,146
655,146
748,146
976,146
136,147
212,147
395,147
578,147
799,147
807,147
916,147
1019,147
46,148
138,148
161,148
293,148
322,148
428,148
508,148
644,148
957,148
207,149
324,149
486,149
492,149
493,149
814,149
184,150
312,150
335,150
372,150
420,150
517,150
528,150
665,150
714,150
736,150
770,150
889,150
920,150
110,151
131,151
188,151
247,151
387,151
456,151
473,151
768,151
825,151
830,151
938,151
159,152
174,152
412,152
413,152
438,152
564,152
851,152
868,152
900,152
57,153
159,153
221,153
261,153
381,153
669,153
829,153
943,153
63,154
76,154
204,154
277,154
448,154
515,154
568,154
610,154
665,154
69,155
89,155
370,155
380,155
584,155
690,155
750,155
780,155
816,155
957,155
1012,155
115,156
142,156
221,156
281,156
321,156
402,156
503,156
515,156
1026,156
115,157
209,157
348,157
431,157
594,157
833,157
168,158
308,158
375,158
441,158
484,158
534,158
772,158
859,158
909,158
981,158
245,159
306,159
320,159
332,159
446,159
513,159
766,159
869,159
912,159
984,159
193,160
279,160
421,160
451,160
494,160
646,160
837,160
142,161
146,161
156,161
165,161
172,161
189,161
203,161
408,161
453,161
461,161
571,161
576,161
664,161
697,161
727,161
737,161
895,161
959,161
1035,161
52,162
104,162
156,162
207,162
361,162
493,162
561,162
573,162
622,162
715,162
829,162
1010,162
73,163
440,163
585,163
671,163
728,163
737,163
817,163
866,163
65,164
125,164
260,164
363,164
376,164
433,164
578,164
637,164
864,164
930,164
951,164
985,164
136,165
486,165
562,165
613,165
696,165
769,165
914,165
987,165
237,166
357,166
363,166
456,166
469,166
493,166
715,166
812,166
861,166
875,166
983,166
1002,166
97,167
156,167
164,167
238,167
245,167
335,167
347,167
363,167
797,167
822,167
850,167
869,167
893,167
924,167
1020,167
148,168
161,168
359,168
601,168
674,168
705,168
900,168
975,168
976,168
285,169
305,169
315,169
370,169
470,169
599,169
668,169
671,169
690,169
828,169
905,169
976,169
57,170
298,170
305,170
540,170
754,170
900,170
972,170
61,171
96,171
131,171
308,171
422,171
427,171
489,171
577,171
593,171
636,171
705,171
706,171
711,171
750,171
863,171
147,172
291,172
354,172
438,172
765,172
768,172
816,172
830,172
867,172
960,172
984,172
65,173
108,173
150,173
216,173
294,173
433,173
510,173
545,173
568,173
679,173
702,173
704,173
764,173
785,173
816,173
263,174
276,174
323,174
584,174
683,174
1013,174
89,175
311,175
320,175
447,175
453,175
796,175
842,175
947,175
1004,175
1029,175
100,176
152,176
191,176
202,176
215,176
264,176
296,176
311,176
384,176
770,176
790,176
820,176
918,176
48,177
147,177
254,177
317,177
352,177
410,177
573,177
585,177
615,177
699,177
797,177
806,177
829,177
1006,177
73,178
175,178
400,178
454,178
489,178
562,178
618,178
640,178
745,178
857,178
876,178
964,178
971,178
980,178
1025,178
67,179
124,179
371,179
439,179
466,179
794,179
913,179
1002,179
111,180
121,180
135,180
156,180
194,180
222,180
474,180
509,180
762,180
816,180
973,180
132,181
232,181
467,181
528,181
564,181
623,181
813,181
859,181
952,181
1033,181
275,182
327,182
380,182
420,182
423,182
446,182
465,182
739,182
954,182
247,183
342,183
366,183
491,183
835,183
894,183
1030,183
100,184
170,184
334,184
376,184
410,184
491,184
521,184
681,184
682,184
758,184
825,184
918,184
921,184
946,184
959,184
219,185
220,185
302,185
335,185
392,185
396,185
405,185
526,185
707,185
773,185
797,185
821,185
898,185
947,185
989,185
161,186
205,186
210,186
224,186
238,186
251,186
300,186
495,186
869,186
940,186
976,186
995,186
1012,186
282,187
391,187
449,187
455,187
472,187
506,187
525,187
527,187
569,187
981,187
1012,187
206,188
223,188
289,188
339,188
451,188
616,188
690,188
141,189
245,189
327,189
391,189
438,189
505,189
762,189
842,189
871,189
97,190
129,190
275,190
314,190
370,190
404,190
446,190
580,190
581,190
691,190
713,190
920,190
64,191
145,191
308,191
350,191
609,191
701,191
733,191
234,192
304,192
434,192
477,192
551,192
594,192
706,192
752,192
772,192
51,193
67,193
273,193
327,193
510,193
602,193
858,193
302,194
333,194
479,194
486,194
676,194
701,194
723,194
947,194
961,194
88,195
343,195
402,195
465,195
482,195
513,195
543,195
547,195
561,195
592,195
806,195
827,195
888,195
1012,195
151,196
174,196
265,196
369,196
407,196
500,196
556,196
591,196
597,196
601,196
623,196
694,196
930,196
983,196
46,197
48,197
142,197
353,197
491,197
661,197
784,197
804,197
839,197
858,197
998,197
1038,197
171,198
230,198
305,198
447,198
454,198
525,198
683,198
754,198
984,198
100,199
199,199
562,199
781,199
56,200
113,200
219,200
368,200
456,200
648,200
787,200
853,200
299,201
342,201
459,201
517,201
566,201
580,201
628,201
634,201
717,201
748,201
919,201
1025,201
217,202
258,202
436,202
517,202
843,202
956,202
994,202
121,203
346,203
398,203
402,203
606,203
802,203
844,203
258,204
279,204
315,204
447,204
450,204
567,204
843,204
55,205
76,205
83,205
124,205
128,205
132,205
142,205
232,205
254,205
265,205
401,205
444,205
504,205
527,205
530,205
697,205
799,205
158,206
184,206
319,206
407,206
426,206
441,206
499,206
668,206
761,206
808,206
955,206
253,207
276,207
316,207
358,207
628,207
807,207
904,207
1031,207
73,208
258,208
292,208
327,208
405,208
407,208
543,208
565,208
625,208
686,208
854,208
928,208
984,208
988,208
52,209
182,209
214,209
526,209
580,209
624,209
890,209
974,209
998,209
72,210
82,210
210,210
281,210
1023,210
313,211
398,211
639,211
56,212
460,212
657,212
663,212
698,212
780,212
896,212
921,212
236,213
407,213
489,213
581,213
798,213
862,213
937,213
941,213
982,213
987,213
360,214
363,214
438,214
572,214
580,214
783,214
833,214
1040,214
154,215
311,215
607,215
815,215
837,215
932,215
946,215
168,216
172,216
393,216
516,216
519,216
669,216
700,216
881,216
882,216
928,216
937,216
71,217
133,217
150,217
481,217
709,217
755,217
798,217
1007,217
222,218
321,218
399,218
540,218
594,218
715,218
736,218
852,218
968,218
973,218
184,219
308,219
331,219
393,219
426,219
516,219
688,219
702,219
875,219
84,220
99,220
273,220
344,220
460,220
532,220
705,220
757,220
987,220
1039,220
522,221
550,221
642,221
733,221
798,221
802,221
1015,221
1033,221
52,222
110,222
152,222
266,222
271,222
393,222
419,222
480,222
517,222
544,222
571,222
586,222
633,222
742,222
767,222
853,222
887,222
891,222
974,222
1011,222
202,223
516,223
583,223
725,223
731,223
795,223
827,223
873,223
881,223
76,224
115,224
152,224
229,224
262,224
313,224
321,224
456,224
504,224
582,224
859,224
298,225
318,225
404,225
435,225
498,225
916,225
986,225
141,226
183,226
349,226
506,226
607,226
633,226
702,226
783,226
836,226
70,227
106,227
511,227
517,227
620,227
99,228
135,228
203,228
290,228
292,228
401,228
406,228
425,228
650,228
714,228
730,228
866,228
883,228
912,228
924,228
1000,228
1006,228
180,229
192,229
204,229
401,229
500,229
562,229
641,229
669,229
189,230
400,230
465,230
494,230
495,230
497,230
772,230
774,230
826,230
870,230
873,230
890,230
71,231
183,231
413,231
599,231
630,231
659,231
767,231
801,231
914,231
79,232
111,232
208,232
570,232
575,232
779,232
828,232
931,232
937,232
1028,232
164,233
235,233
545,233
663,233
731,233
824,233
884,233
912,233
934,233
222,234
377,234
423,234
499,234
202,235
233,235
325,235
363,235
429,235
620,235
787,235
862,235
910,235
934,235
49,236
71,236
263,236
371,236
631,236
690,236
747,236
773,236
976,236
1007,236
143,237
372,237
405,237
565,237
612,237
842,237
871,237
1026,237
48,238
146,238
265,238
282,238
376,238
723,238
776,238
799,238
800,238
928,238
1034,238
125,239
141,239
207,239
227,239
316,239
511,239
609,239
639,239
877,239
985,239
1007,239
248,240
434,240
456,240
458,240
720,240
848,240
876,240
901,240
60,241
139,241
142,241
174,241
288,241
441,241
604,241
832,241
961,241
215,242
258,242
274,242
305,242
329,242
553,242
795,242
815,242
57,243
67,243
141,243
155,243
245,243
298,243
385,243
432,243
464,243
481,243
482,243
530,243
561,243
609,243
658,243
738,243
820,243
865,243
870,243
872,243
879,243
969,243
75,244
91,244
396,244
498,244
574,244
636,244
774,244
820,244
896,244
1014,244
53,245
452,245
486,245
494,245
504,245
535,245
658,245
709,245
711,245
713,245
737,245
838,245
849,245
337,246
671,246
717,246
875,246
49,247
148,247
197,247
276,247
401,247
484,247
509,247
788,247
854,247
913,247
933,247
81,248
88,248
91,248
169,248
221,248
939,248
169,249
237,249
293,249
341,249
430,249
482,249
579,249
580,249
752,249
982,249
983,249
180,250
247,250
337,250
533,250
746,250
801,250
884,250
313,251
460,251
599,251
735,251
760,251
882,251
1004,251
53,252
87,252
102,252
153,252
169,252
282,252
526,252
560,252
597,252
617,252
789,252
848,252
75,253
120,253
157,253
285,253
353,253
428,253
476,253
509,253
565,253
674,253
684,253
991,253
998,253
1040,253
62,254
274,254
302,254
362,254
387,254
489,254
495,254
686,254
737,254
747,254
939,254
223,255
395,255
447,255
641,255
645,255
688,255
713,255
721,255
743,255
801,255
1041,255
147,256
443,256
465,256
581,256
656,256
783,256
821,256
123,257
209,257
252,257
274,257
332,257
856,257
64,258
150,258
202,258
430,258
476,258
504,258
511,258
559,258
661,258
703,258
725,258
783,258
825,258
1006,258
1026,258
75,259
218,259
319,259
402,259
543,259
584,259
785,259
792,259
857,259
960,259
1014,259
72,260
104,260
148,260
200,260
284,260
326,260
571,260
625,260
658,260
667,260
838,260
1018,260
49,261
177,261
237,261
275,261
438,261
836,261
974,261
986,261
998,261
127,262
402,262
404,262
591,262
607,262
717,262
726,262
67,263
71,263
89,263
134,263
320,263
459,263
460,263
476,263
524,263
581,263
608,263
933,263
1024,263
1041,263
119,264
255,264
304,264
485,264
747,264
763,264
890,264
900,264
910,264
966,264
991,264
373,265
512,265
537,265
547,265
688,265
695,265
769,265
968,265
137,266
402,266
642,266
652,266
725,266
756,266
967,266
1018,266
69,267
84,267
88,267
113,267
221,267
401,267
410,267
578,267
599,267
666,267
760,267
362,268
456,268
798,268
813,268
66,269
146,269
242,269
620,269
644,269
822,269
845,269
907,269
958,269
65,270
117,270
161,270
556,270
581,270
767,270
837,270
839,270
912,270
914,270
53,271
106,271
162,271
197,271
302,271
475,271
541,271
580,271
590,271
651,271
829,271
841,271
859,271
1022,271
70,272
78,272
120,272
129,272
250,272
352,272
380,272
412,272
413,272
551,272
622,272
684,272
694,272
894,272
896,272
956,272
957,272
55,273
114,273
373,273
407,273
425,273
472,273
583,273
613,273
696,273
760,273
775,273
779,273
839,273
870,273
953,273
994,273
64,274
71,274
110,274
120,274
283,274
335,274
342,274
347,274
381,274
403,274
453,274
512,274
566,274
594,274
636,274
653,274
729,274
809,274
980,274
1006,274
1022,274
215,275
372,275
432,275
486,275
622,275
652,275
678,275
738,275
772,275
936,275
1000,275
1031,275
123,276
405,276
420,276
541,276
581,276
691,276
834,276
869,276
907,276
923,276
946,276
955,276
451,277
540,277
762,277
818,277
828,277
855,277
964,277
75,278
175,278
263,278
334,278
359,278
557,278
665,278
688,278
116,279
252,279
310,279
358,279
382,279
414,279
540,279
624,279
692,279
699,279
840,279
260,280
351,280
752,280
915,280
970,280
129,281
139,281
262,281
317,281
367,281
562,281
652,281
796,281
951,281
1000,281
246,282
411,282
437,282
468,282
542,282
615,282
706,282
741,282
947,282
109,283
141,283
410,283
567,283
639,283
661,283
806,283
917,283
970,283
90,284
231,284
275,284
362,284
588,284
632,284
765,284
777,284
795,284
838,284
839,284
895,284
982,284
1023,284
138,285
146,285
157,285
189,285
414,285
453,285
462,285
675,285
753,285
809,285
910,285
943,285
993,285
108,286
150,286
158,286
338,286
397,286
672,286
767,286
834,286
1043,286
157,287
177,287
232,287
260,287
452,287
539,287
585,287
815,287
909,287
910,287
124,288
300,288
313,288
314,288
339,288
340,288
379,288
422,288
452,288
631,288
759,288
808,288
159,289
625,289
704,289
772,289
912,289
932,289
997,289
56,290
271,290
282,290
347,290
358,290
365,290
467,290
687,290
715,290
762,290
789,290
811,290
824,290
857,290
859,290
978,290
126,291
148,291
304,291
344,291
445,291
509,291
611,291
695,291
747,291
847,291
963,291
131,292
201,292
216,292
227,292
399,292
709,292
764,292
787,292
861,292
892,292
136,293
203,293
215,293
504,293
528,293
631,293
676,293
738,293
887,293
998,293
246,294
615,294
692,294
1044,294
58,295
156,295
157,295
322,295
323,295
349,295
365,295
424,295
869,295
1004,295
483,296
508,296
625,296
648,296
776,296
790,296
801,296
833,296
945,296
1007,296
48,297
184,297
338,297
358,297
515,297
648,297
734,297
751,297
764,297
797,297
847,297
923,297
945,297
954,297
994,297
1026,297
580,298
712,298
872,298
913,298
1037,298
54,299
55,299
151,299
365,299
376,299
381,299
709,299
782,299
928,299
287,300
333,300
374,300
532,300
672,300
829,300
976,300
987,300
305,301
330,301
350,301
422,301
465,301
469,301
504,301
561,301
761,301
820,301
920,301
978,301
202,302
240,302
532,302
602,302
638,302
657,302
696,302
739,302
755,302
818,302
833,302
850,302
856,302
971,302
90,303
196,303
225,303
249,303
287,303
288,303
420,303
603,303
751,303
901,303
920,303
964,303
1033,303
106,304
316,304
444,304
579,304
698,304
726,304
740,304
800,304
973,304
1005,304
1016,304
105,305
316,305
328,305
338,305
343,305
389,305
405,305
428,305
452,305
537,305
559,305
584,305
715,305
811,305
943,305
961,305
989,305
169,306
174,306
489,306
636,306
658,306
660,306
855,306
951,306
962,306
105,307
144,307
199,307
447,307
536,307
553,307
809,307
894,307
950,307
951,307
1009,307
56,308
74,308
127,308
141,308
435,308
676,308
721,308
980,308
997,308
54,309
62,309
185,309
331,309
410,309
415,309
671,309
711,309
712,309
757,309
872,309
1028,309
74,310
192,310
320,310
392,310
419,310
461,310
653,310
655,310
745,310
880,310
132,311
170,311
325,311
592,311
813,311
884,311
909,311
959,311
995,311
1015,311
46,312
54,312
75,312
146,312
216,312
250,312
258,312
306,312
352,312
381,312
383,312
505,312
695,312
697,312
764,312
776,312
829,312
895,312
176,313
216,313
314,313
529,313
805,313
877,313
118,314
123,314
152,314
230,314
355,314
366,314
391,314
537,314
584,314
691,314
939,314
79,315
154,315
177,315
180,315
370,315
374,315
425,315
665,315
672,315
728,315
841,315
992,315
60,316
162,316
166,316
253,316
307,316
443,316
552,316
689,316
693,316
724,316
770,316
800,316
931,316
945,316
70,317
100,317
160,317
267,317
300,317
331,317
352,317
512,317
659,317
739,317
763,317
849,317
880,317
925,317
1004,317
166,318
237,318
352,318
372,318
375,318
422,318
693,318
907,318
45,319
185,319
247,319
252,319
277,319
368,319
380,319
388,319
496,319
695,319
723,319
827,319
835,319
842,319
855,319
932,319
945,319
252,320
257,320
268,320
413,320
449,320
459,320
462,320
495,320
552,320
622,320
652,320
735,320
909,320
77,321
195,321
359,321
400,321
402,321
479,321
485,321
561,321
584,321
617,321
803,321
866,321
940,321
960,321
221,322
226,322
443,322
475,322
503,322
508,322
661,322
669,322
915,322
1004,322
80,323
266,323
412,323
488,323
502,323
593,323
692,323
774,323
940,323
134,324
215,324
275,324
318,324
423,324
581,324
685,324
761,324
797,324
858,324
888,324
1029,324
200,325
248,325
300,325
321,325
365,325
404,325
490,325
505,325
518,325
682,325
717,325
814,325
1042,325
124,326
157,326
250,326
383,326
557,326
568,326
618,326
787,326
833,326
64,327
260,327
335,327
375,327
572,327
839,327
864,327
1013,327
589,328
648,328
684,328
836,328
976,328
982,328
122,329
378,329
463,329
493,329
507,329
538,329
574,329
613,329
901,329
919,329
936,329
184,330
244,330
328,330
493,330
592,330
665,330
754,330
761,330
765,330
773,330
861,330
1041,330
147,331
150,331
493,331
526,331
606,331
658,331
710,331
744,331
822,331
913,331
53,332
59,332
79,332
160,332
239,332
288,332
307,332
326,332
389,332
717,332
726,332
799,332
839,332
890,332
893,332
227,333
409,333
411,333
573,333
591,333
722,333
820,333
65,334
759,334
833,334
58,335
226,335
327,335
443,335
477,335
810,335
823,335
925,335
977,335
82,336
163,336
171,336
351,336
389,336
401,336
636,336
846,336
152,337
226,337
317,337
367,337
413,337
632,337
692,337
732,337
784,337
960,337
1031,337
211,338
318,338
382,338
415,338
500,338
752,338
934,338
943,338
68,339
84,339
90,339
296,339
437,339
490,339
553,339
826,339
880,339
992,339
1037,339
83,340
173,340
183,340
298,340
302,340
323,340
405,340
556,340
686,340
793,340
843,340
851,340
907,340
953,340
1040,340
73,341
275,341
342,341
623,341
679,341
703,341
750,341
811,341
856,341
917,341
950,341
957,341
989,341
1013,341
1016,341
151,342
386,342
400,342
422,342
460,342
483,342
654,342
706,342
707,342
742,342
763,342
768,342
787,342
821,342
834,342
871,342
967,342
237,343
318,343
327,343
368,343
835,343
945,343
946,343
1043,343
171,344
198,344
351,344
478,344
653,344
870,344
939,344
266,345
424,345
533,345
556,345
575,345
747,345
796,345
825,345
921,345
964,345
1010,345
58,346
172,346
211,346
266,346
305,346
432,346
488,346
512,346
627,346
662,346
733,346
898,346
899,346
1016,346
1040,346
108,347
132,347
148,347
173,347
222,347
265,347
331,347
543,347
641,347
706,347
789,347
832,347
840,347
915,347
926,347
1011,347
78,348
140,348
182,348
777,348
796,348
823,348
158,349
247,349
266,349
376,349
476,349
595,349
637,349
641,349
888,349
953,349
1041,349
91,350
135,350
266,350
268,350
397,350
440,350
481,350
494,350
584,350
621,350
715,350
826,350
857,350
47,351
60,351
71,351
163,351
241,351
415,351
505,351
523,351
651,351
828,351
1006,351
89,352
195,352
263,352
290,352
501,352
763,352
765,352
824,352
891,352
914,352
918,352
68,353
141,353
177,353
299,353
530,353
578,353
673,353
692,353
740,353
807,353
814,353
877,353
928,353
284,354
366,354
436,354
509,354
762,354
838,354
878,354
901,354
987,354
82,355
175,355
226,355
254,355
289,355
290,355
443,355
536,355
764,355
813,355
918,355
1037,355
90,356
305,356
374,356
497,356
597,356
773,356
783,356
819,356
912,356
951,356
966,356
1039,356
63,357
98,357
128,357
130,357
214,357
552,357
581,357
810,357
814,357
838,357
1006,357
196,358
199,358
324,358
350,358
592,358
776,358
921,358
83,359
324,359
343,359
479,359
673,359
754,359
763,359
161,360
163,360
203,360
302,360
320,360
352,360
500,360
529,360
712,360
765,360
58,361
70,361
213,361
284,361
295,361
410,361
761,361
53,362
74,362
424,362
490,362
508,362
696,362
772,362
796,362
869,362
876,362
885,362
140,363
163,363
202,363
256,363
283,363
415,363
514,363
617,363
711,363
943,363
953,363
247,364
259,364
364,364
503,364
581,364
808,364
970,364
987,364
217,365
323,365
501,365
543,365
561,365
752,365
791,365
821,365
999,365
80,366
404,366
489,366
521,366
555,366
645,366
62,367
97,367
120,367
132,367
453,367
523,367
575,367
794,367
825,367
916,367
364,368
618,368
630,368
847,368
188,369
414,369
751,369
780,369
842,369
888,369
947,369
47,370
106,370
176,370
288,370
464,370
472,370
613,370
697,370
884,370
944,370
72,371
201,371
219,371
370,371
382,371
398,371
411,371
444,371
725,371
984,371
67,372
160,372
313,372
447,372
767,372
794,372
919,372
993,372
75,373
164,373
266,373
267,373
298,373
316,373
444,373
732,373
1023,373
1028,373
1038,373
48,374
80,374
82,374
292,374
446,374
587,374
744,374
815,374
849,374
1011,374
1022,374
70,375
96,375
311,375
447,375
461,375
467,375
633,375
638,375
881,375
110,376
119,376
164,376
192,376
232,376
434,376
492,376
843,376
846,376
298,377
340,377
478,377
592,377
596,377
625,377
826,377
994,377
1042,377
166,378
173,378
466,378
763,378
958,378
975,378
389,379
441,379
484,379
535,379
680,379
719,379
932,379
953,379
185,380
218,380
222,380
320,380
436,380
521,380
590,380
790,380
801,380
888,380
912,380
969,380
99,381
189,381
550,381
584,381
784,381
972,381
991,381
53,382
151,382
272,382
390,382
449,382
464,382
476,382
530,382
551,382
957,382
1023,382
1036,382
60,383
275,383
299,383
513,383
538,383
572,383
672,383
825,383
908,383
149,384
251,384
455,384
472,384
500,384
553,384
656,384
786,384
846,384
851,384
1005,384
1020,384
45,385
100,385
146,385
166,385
175,385
355,385
471,385
610,385
612,385
663,385
670,385
175,386
615,386
619,386
658,386
683,386
702,386
729,386
898,386
917,386
946,386
315,387
549,387
781,387
788,387
876,387
78,388
148,388
197,388
233,388
246,388
261,388
383,388
498,388
542,388
569,388
716,388
844,388
851,388
947,388
110,389
220,389
239,389
288,389
527,389
545,389
596,389
652,389
671,389
688,389
139,390
149,390
254,390
367,390
466,390
535,390
619,390
715,390
748,390
908,390
981,390
989,390
54,391
142,391
235,391
378,391
463,391
486,391
810,391
948,391
965,391
979,391
1038,391
58,392
442,392
471,392
582,392
591,392
792,392
794,392
92,393
129,393
258,393
412,393
467,393
521,393
819,393
936,393
973,393
103,394
290,394
326,394
543,394
673,394
713,394
743,394
813,394
964,394
94,395
105,395
123,395
146,395
183,395
200,395
299,395
337,395
542,395
563,395
607,395
735,395
752,395
864,395
946,395
161,396
332,396
376,396
419,396
430,396
583,396
689,396
702,396
785,396
789,396
852,396
902,396
1039,396
242,397
363,397
495,397
596,397
637,397
694,397
741,397
820,397
109,398
176,398
230,398
232,398
337,398
423,398
466,398
519,398
559,398
561,398
829,398
79,399
176,399
178,399
360,399
453,399
481,399
498,399
511,399
526,399
619,399
821,399
915,399
983,399
1036,399
149,400
291,400
361,400
385,400
472,400
502,400
504,400
784,400
875,400
957,400
111,401
140,401
165,401
268,401
401,401
650,401
772,401
372,402
590,402
647,402
736,402
823,402
888,402
90,403
174,403
372,403
637,403
920,403
957,403
1012,403
154,404
225,404
278,404
286,404
512,404
607,404
620,404
669,404
864,404
874,404
975,404
76,405
142,405
292,405
317,405
352,405
462,405
483,405
742,405
755,405
773,405
853,405
893,405
51,406
83,406
352,406
382,406
563,406
689,406
754,406
776,406
820,406
837,406
930,406
986,406
1036,406
258,407
373,407
464,407
478,407
585,407
754,407
843,407
855,407
933,407
969,407
1030,407
66,408
74,408
229,408
415,408
467,408
502,408
667,408
738,408
765,408
969,408
1005,408
189,409
278,409
452,409
741,409
940,409
84,410
201,410
274,410
103,411
345,411
358,411
430,411
448,411
492,411
509,411
648,411
728,411
814,411
828,411
853,411
862,411
911,411
104,412
190,412
374,412
431,412
483,412
705,412
707,412
854,412
886,412
88,413
92,413
286,413
352,413
399,413
418,413
461,413
772,413
842,413
879,413
989,413
1023,413
1040,413
87,414
118,414
161,414
577,414
625,414
675,414
845,414
916,414
165,415
468,415
745,415
837,415
997,415
133,416
156,416
492,416
609,416
674,416
680,416
702,416
991,416
68,417
79,417
327,417
557,417
745,417
768,417
793,417
821,417
869,417
903,417
1008,417
1013,417
144,418
237,418
277,418
556,418
597,418
790,418
99,419
104,419
201,419
264,419
361,419
370,419
426,419
739,419
764,419
954,419
1016,419
55,420
86,420
127,420
596,420
623,420
685,420
689,420
709,420
720,420
771,420
902,420
954,420
985,420
1044,420
53,421
86,421
270,421
385,421
449,421
500,421
608,421
738,421
815,421
859,421
1024,421
1041,421
91,422
139,422
185,422
187,422
200,422
209,422
294,422
491,422
526,422
528,422
806,422
866,422
904,422
919,422
51,423
293,423
339,423
517,423
615,423
793,423
931,423
999,423
64,424
112,424
281,424
405,424
450,424
550,424
648,424
717,424
768,424
275,425
346,425
406,425
415,425
540,425
679,425
685,425
689,425
926,425
241,426
299,426
408,426
536,426
648,426
738,426
759,426
809,426
971,426
322,427
328,427
362,427
483,427
507,427
541,427
756,427
794,427
823,427
901,427
934,427
79,428
141,428
280,428
319,428
348,428
351,428
456,428
562,428
634,428
650,428
655,428
855,428
90,429
194,429
315,429
365,429
461,429
730,429
813,429
850,429
886,429
66,430
88,430
116,430
228,430
230,430
410,430
484,430
523,430
689,430
691,430
833,430
838,430
959,430
1023,430
113,431
138,431
189,431
210,431
275,431
334,431
377,431
475,431
518,431
552,431
751,431
1022,431
98,432
396,432
500,432
532,432
559,432
560,432
641,432
774,432
843,432
878,432
213,433
268,433
363,433
373,433
521,433
561,433
572,433
598,433
606,433
733,433
46,434
247,434
348,434
510,434
517,434
532,434
544,434
596,434
758,434
1015,434
214,435
427,435
656,435
727,435
865,435
49,436
225,436
238,436
266,436
281,436
334,436
400,436
504,436
542,436
566,436
689,436
800,436
817,436
901,436
982,436
991,436
132,437
164,437
252,437
326,437
373,437
462,437
469,437
508,437
516,437
538,437
743,437
777,437
868,437
877,437
893,437
950,437
968,437
1035,437
265,438
269,438
549,438
611,438
739,438
754,438
799,438
807,438
824,438
920,438
960,438
994,438
999,438
1016,438
79,439
137,439
154,439
211,439
218,439
267,439
311,439
462,439
624,439
770,439
72,440
148,440
253,440
278,440
492,440
518,440
536,440
671,440
843,440
119,441
224,441
563,441
612,441
722,441
855,441
926,441
992,441
217,442
331,442
363,442
373,442
393,442
533,442
548,442
774,442
842,442
864,442
981,442
185,443
332,443
364,443
471,443
574,443
769,443
918,443
970,443
152,444
328,444
349,444
371,444
643,444
650,444
669,444
692,444
917,444
215,445
264,445
354,445
370,445
553,445
622,445
661,445
813,445
843,445
871,445
899,445
963,445
124,446
173,446
187,446
225,446
280,446
553,446
592,446
811,446
826,446
906,446
73,447
218,447
238,447
377,447
712,447
815,447
846,447
209,448
299,448
328,448
360,448
438,448
476,448
484,448
536,448
875,448
965,448
1037,448
107,449
301,449
377,449
392,449
459,449
492,449
508,449
607,449
692,449
749,449
846,449
1012,449
1026,449
100,450
360,450
403,450
748,450
764,450
770,450
805,450
983,450
1032,450
115,451
221,451
268,451
375,451
500,451
664,451
815,451
921,451
972,451
1023,451
404,452
500,452
701,452
712,452
772,452
784,452
907,452
1000,452
1028,452
87,453
259,453
375,453
427,453
488,453
533,453
556,453
745,453
872,453
986,453
1014,453
1020,453
1044,453
109,454
133,454
134,454
297,454
529,454
112,455
168,455
331,455
662,455
838,455
856,455
76,456
189,456
269,456
270,456
295,456
546,456
708,456
739,456
805,456
825,456
1021,456
53,457
74,457
123,457
449,457
507,457
553,457
680,457
681,457
752,457
813,457
825,457
878,457
469,458
515,458
550,458
585,458
637,458
870,458
978,458
137,459
502,459
586,459
592,459
606,459
628,459
646,459
766,459
971,459
1010,459
259,460
283,460
462,460
517,460
659,460
757,460
121,461
143,461
152,461
467,461
599,461
710,461
717,461
735,461
771,461
978,461
113,462
169,462
397,462
465,462
508,462
526,462
544,462
574,462
601,462
613,462
629,462
682,462
729,462
736,462
907,462
957,462
958,462
975,462
82,463
382,463
456,463
465,463
540,463
673,463
766,463
834,463
845,463
886,463
902,463
964,463
74,464
107,464
152,464
308,464
486,464
491,464
547,464
676,464
774,464
90,465
152,465
418,465
520,465
543,465
771,465
116,466
285,466
609,466
670,466
914,466
929,466
1027,466
89,467
140,467
500,467
609,467
669,467
716,467
970,467
198,468
348,468
353,468
414,468
442,468
559,468
671,468
791,468
811,468
908,468
1013,468
442,469
610,469
620,469
773,469
1011,469
310,470
331,470
486,470
685,470
778,470
846,470
913,470
918,470
90,471
96,471
101,471
320,471
333,471
344,471
360,471
400,471
641,471
654,471
661,471
722,471
728,471
729,471
819,471
68,472
167,472
179,472
248,472
503,472
706,472
944,472
398,473
604,473
803,473
954,473
999,473
105,474
132,474
212,474
348,474
391,474
522,474
539,474
563,474
580,474
633,474
683,474
811,474
847,474
134,475
175,475
250,475
672,475
687,475
695,475
854,475
858,475
866,475
46,476
173,476
204,476
338,476
387,476
391,476
404,476
529,476
750,476
801,476
820,476
835,476
858,476
905,476
932,476
999,476
160,477
227,477
478,477
499,477
514,477
648,477
713,477
72,478
87,478
162,478
170,478
328,478
570,478
657,478
658,478
710,478
899,478
1042,478
88,479
168,479
190,479
194,479
286,479
369,479
475,479
512,479
827,479
926,479
128,480
223,480
311,480
498,480
568,480
594,480
192,481
224,481
261,481
311,481
359,481
465,481
492,481
500,481
635,481
651,481
771,481
820,481
1027,481
68,482
222,482
442,482
452,482
461,482
597,482
643,482
655,482
777,482
1006,482
125,483
152,483
359,483
637,483
732,483
754,483
786,483
892,483
53,484
133,484
249,484
253,484
368,484
499,484
580,484
598,484
860,484
866,484
984,484
189,485
194,485
229,485
263,485
448,485
506,485
539,485
567,485
580,485
888,485
905,485
964,485
182,486
260,486
274,486
316,486
576,486
607,486
616,486
663,486
713,486
763,486
1011,486
1039,486
128,487
219,487
250,487
289,487
333,487
440,487
500,487
596,487
635,487
766,487
799,487
844,487
928,487
451,488
590,488
598,488
708,488
809,488
824,488
984,488
990,488
1013,488
70,489
84,489
273,489
277,489
313,489
415,489
481,489
570,489
593,489
627,489
832,489
930,489
112,490
430,490
461,490
489,490
586,490
609,490
667,490
779,490
850,490
180,491
208,491
209,491
231,491
240,491
397,491
508,491
574,491
722,491
798,491
864,491
884,491
82,492
135,492
223,492
236,492
377,492
453,492
557,492
601,492
625,492
657,492
765,492
813,492
816,492
931,492
958,492
217,493
278,493
298,493
530,493
748,493
770,493
856,493
861,493
989,493
1044,493
94,494
112,494
267,494
334,494
677,494
696,494
790,494
801,494
834,494
873,494
984,494
1009,494
121,495
227,495
287,495
294,495
543,495
587,495
899,495
977,495
211,496
257,496
320,496
397,496
471,496
511,496
525,496
586,496
678,496
883,496
928,496
963,496
71,497
92,497
113,497
638,497
742,497
754,497
764,497
903,497
920,497
105,498
138,498
148,498
538,498
597,498
608,498
705,498
821,498
833,498
951,498
279,499
298,499
452,499
511,499
540,499
568,499
614,499
798,499
889,499
892,499
1001,499
87,500
220,500
285,500
407,500
583,500
610,500
639,500
669,500
742,500
744,500
936,500
53,501
66,501
271,501
317,501
469,501
502,501
634,501
83,502
109,502
184,502
242,502
337,502
342,502
518,502
623,502
636,502
756,502
813,502
821,502
907,502
192,503
213,503
249,503
530,503
576,503
673,503
722,503
797,503
803,503
841,503
1018,503
125,504
193,504
254,504
277,504
320,504
473,504
499,504
542,504
610,504
660,504
880,504
881,504
936,504
961,504
1005,504
122,505
215,505
266,505
505,505
527,505
692,505
722,505
744,505
755,505
927,505
932,505
953,505
1029,505
90,506
100,506
128,506
148,506
177,506
269,506
299,506
462,506
514,506
919,506
169,507
365,507
433,507
600,507
614,507
656,507
889,507
929,507
995,507
74,508
79,508
249,508
287,508
297,508
336,508
438,508
498,508
615,508
619,508
746,508
774,508
816,508
878,508
890,508
223,509
303,509
345,509
363,509
655,509
742,509
751,509
168,510
292,510
316,510
638,510
718,510
767,510
822,510
824,510
970,510
176,511
182,511
212,511
394,511
530,511
536,511
690,511
705,511
733,511
798,511
850,511
891,511
1030,511
54,512
112,512
121,512
218,512
310,512
323,512
361,512
509,512
529,512
597,512
691,512
697,512
931,512
1017,512
173,513
444,513
467,513
580,513
897,513
1023,513
57,514
85,514
92,514
304,514
465,514
543,514
586,514
712,514
776,514
838,514
886,514
961,514
1044,514
179,515
288,515
350,515
440,515
450,515
599,515
719,515
740,515
754,515
994,515
105,516
126,516
219,516
230,516
296,516
734,516
794,516
797,516
798,516
837,516
914,516
948,516
983,516
1020,516
143,517
321,517
341,517
347,517
381,517
399,517
441,517
449,517
526,517
591,517
720,517
112,518
137,518
216,518
219,518
478,518
509,518
550,518
588,518
635,518
734,518
742,518
881,518
975,518
120,519
133,519
161,519
373,519
443,519
720,519
890,519
955,519
967,519
979,519
1012,519
1013,519
68,520
214,520
269,520
306,520
508,520
704,520
804,520
813,520
837,520
883,520
1028,520
74,521
128,521
163,521
225,521
289,521
385,521
526,521
759,521
788,521
817,521
829,521
977,521
61,522
85,522
275,522
294,522
554,522
558,522
565,522
699,522
764,522
802,522
845,522
1014,522
70,523
84,523
149,523
154,523
199,523
272,523
279,523
340,523
366,523
388,523
397,523
645,523
694,523
730,523
860,523
1024,523
388,524
680,524
739,524
965,524
967,524
252,525
366,525
391,525
471,525
485,525
592,525
643,525
669,525
695,525
700,525
767,525
798,525
815,525
939,525
80,526
202,526
320,526
351,526
440,526
470,526
528,526
552,526
661,526
740,526
805,526
888,526
1000,526
1019,526
314,527
422,527
569,527
577,527
650,527
785,527
837,527
113,528
249,528
343,528
380,528
422,528
449,528
465,528
577,528
591,528
670,528
755,528
788,528
839,528
865,528
954,528
106,529
175,529
390,529
894,529
908,529
972,529
1027,529
106,530
115,530
293,530
478,530
483,530
636,530
712,530
819,530
903,530
905,530
980,530
175,531
182,531
293,531
453,531
456,531
521,531
576,531
625,531
984,531
110,532
140,532
183,532
343,532
630,532
655,532
677,532
772,532
902,532
1042,532
146,533
178,533
236,533
310,533
379,533
472,533
485,533
745,533
815,533
81,534
261,534
458,534
623,534
826,534
928,534
65,535
95,535
115,535
186,535
187,535
600,535
705,535
852,535
932,535
1015,535
63,536
163,536
249,536
464,536
476,536
539,536
543,536
788,536
999,536
1035,536
1043,536
115,537
133,537
304,537
395,537
396,537
413,537
444,537
539,537
556,537
658,537
691,537
867,537
871,537
984,537
54,538
56,538
75,538
167,538
216,538
287,538
438,538
449,538
555,538
938,538
53,539
132,539
421,539
570,539
779,539
115,540
119,540
134,540
224,540
321,540
480,540
572,540
670,540
759,540
201,541
374,541
763,541
797,541
886,541
891,541
894,541
978,541
104,542
190,542
289,542
373,542
441,542
621,542
679,542
715,542
776,542
996,542
1044,542
65,543
73,543
89,543
306,543
331,543
384,543
400,543
532,543
714,543
802,543
843,543
867,543
84,544
259,544
268,544
577,544
602,544
652,544
667,544
779,544
822,544
887,544
75,545
196,545
214,545
337,545
360,545
429,545
458,545
512,545
524,545
748,545
804,545
824,545
879,545
137,546
312,546
747,546
999,546
176,547
384,547
650,547
787,547
789,547
808,547
879,547
175,548
383,548
454,548
475,548
522,548
579,548
728,548
757,548
877,548
938,548
986,548
991,548
105,549
486,549
698,549
821,549
137,550
160,550
256,550
350,550
378,550
529,550
620,550
629,550
637,550
663,550
716,550
866,550
173,551
230,551
580,551
636,551
719,551
790,551
857,551
871,551
1030,551
69,552
175,552
222,552
233,552
335,552
352,552
382,552
394,552
629,552
659,552
754,552
815,552
821,552
825,552
868,552
1021,552
130,553
262,553
462,553
558,553
591,553
612,553
620,553
920,553
96,554
458,554
460,554
624,554
731,554
742,554
955,554
55,555
106,555
301,555
367,555
373,555
434,555
499,555
530,555
727,555
846,555
907,555
1030,555
1041,555
122,556
150,556
156,556
177,556
360,556
631,556
788,556
848,556
937,556
938,556
341,557
366,557
547,557
644,557
689,557
899,557
282,558
372,558
477,558
659,558
79,559
239,559
648,559
839,559
843,559
1001,559
74,560
107,560
153,560
209,560
218,560
223,560
326,560
627,560
644,560
708,560
720,560
726,560
836,560
981,560
48,561
284,561
491,561
546,561
572,561
640,561
643,561
697,561
724,561
799,561
113,562
271,562
437,562
441,562
492,562
678,562
918,562
932,562
933,562
1009,562
1019,562
130,563
359,563
497,563
521,563
698,563
917,563
221,564
227,564
280,564
316,564
340,564
527,564
863,564
945,564
91,565
128,565
180,565
254,565
347,565
401,565
539,565
652,565
780,565
911,565
929,565
1025,565
1036,565
1042,565
97,566
160,566
299,566
342,566
533,566
663,566
715,566
770,566
788,566
814,566
864,566
923,566
77,567
99,567
352,567
547,567
697,567
724,567
766,567
912,567
996,567
260,568
264,568
291,568
336,568
369,568
435,568
541,568
694,568
896,568
930,568
95,569
180,569
345,569
525,569
771,569
928,569
958,569
481,570
483,570
607,570
796,570
837,570
934,570
968,570
258,571
345,571
350,571
386,571
471,571
634,571
675,571
731,571
775,571
1007,571
48,572
53,572
158,572
199,572
205,572
794,572
871,572
898,572
153,573
258,573
368,573
443,573
632,573
882,573
967,573
190,574
324,574
349,574
716,574
756,574
963,574
1044,574
157,575
231,575
327,575
329,575
454,575
482,575
742,575
810,575
833,575
977,575
997,575
409,576
498,576
594,576
603,576
648,576
678,576
735,576
784,576
821,576
977,576
70,577
245,577
401,577
487,577
569,577
619,577
740,577
757,577
835,577
915,577
931,577
934,577
983,577
59,578
182,578
278,578
359,578
373,578
424,578
450,578
557,578
587,578
678,578
863,578
187,579
232,579
307,579
447,579
587,579
735,579
778,579
894,579
943,579
142,580
156,580
179,580
251,580
486,580
596,580
663,580
833,580
905,580
995,580
1034,580
174,581
225,581
248,581
983,581
1004,581
79,582
96,582
245,582
288,582
440,582
764,582
978,582
59,583
119,583
281,583
352,583
560,583
581,583
720,583
778,583
825,583
847,583
856,583
894,583
982,583
990,583
107,584
165,584
230,584
286,584
485,584
509,584
531,584
646,584
724,584
858,584
877,584
1018,584
160,585
396,585
465,585
533,585
717,585
731,585
762,585
831,585
1004,585
1031,585
1033,585
381,586
418,586
603,586
768,586
881,586
344,587
352,587
363,587
386,587
665,587
727,587
763,587
780,587
91,588
497,588
518,588
553,588
663,588
885,588
916,588
978,588
47,589
102,589
191,589
264,589
321,589
361,589
505,589
614,589
740,589
879,589
890,589
998,589
135,590
280,590
369,590
377,590
517,590
570,590
623,590
683,590
781,590
920,590
971,590
1020,590
51,591
102,591
319,591
538,591
613,591
623,591
639,591
829,591
872,591
948,591
950,591
110,592
147,592
408,592
514,592
723,592
729,592
1010,592
1031,592
1033,592
82,593
144,593
185,593
412,593
518,593
593,593
696,593
765,593
234,594
278,594
347,594
391,594
605,594
626,594
776,594
902,594
978,594
182,595
305,595
586,595
593,595
631,595
699,595
825,595
932,595
952,595
964,595
981,595
986,595
92,596
233,596
318,596
363,596
451,596
504,596
519,596
639,596
662,596
673,596
695,596
752,596
778,596
898,596
954,596
1031,596
107,597
319,597
398,597
480,597
837,597
850,597
1015,597
63,598
72,598
144,598
264,598
348,598
807,598
47,599
173,599
330,599
424,599
508,599
991,599
1038,599
76,600
311,600
329,600
369,600
401,600
424,600
619,600
646,600
672,600
699,600
766,600
884,600
900,600
962,600
64,601
161,601
186,601
246,601
329,601
373,601
440,601
683,601
911,601
982,601
115,602
214,602
343,602
403,602
600,602
641,602
685,602
719,602
732,602
804,602
311,603
558,603
582,603
603,603
653,603
889,603
968,603
985,603
1000,603
336,604
361,604
662,604
753,604
801,604
834,604
1001,604
60,605
304,605
359,605
364,605
463,605
475,605
706,605
738,605
751,605
868,605
941,605
1044,605
250,606
342,606
363,606
509,606
593,606
634,606
704,606
737,606
806,606
819,606
833,606
844,606
1041,606
51,607
177,607
289,607
296,607
410,607
416,607
462,607
476,607
617,607
646,607
677,607
706,607
760,607
833,607
968,607
1005,607
1009,607
1021,607
92,608
136,608
150,608
203,608
280,608
379,608
512,608
626,608
778,608
786,608
817,608
907,608
158,609
164,609
374,609
436,609
446,609
451,609
454,609
518,609
549,609
590,609
619,609
662,609
824,609
970,609
267,610
451,610
554,610
610,610
703,610
726,610
953,610
980,610
125,611
176,611
240,611
244,611
267,611
455,611
543,611
648,611
766,611
935,611
962,611
992,611
133,612
205,612
305,612
561,612
738,612
806,612
69,613
333,613
399,613
519,613
520,613
692,613
776,613
801,613
1009,613
1011,613
53,614
197,614
238,614
265,614
268,614
299,614
393,614
438,614
533,614
806,614
943,614
991,614
147,615
201,615
234,615
566,615
699,615
841,615
1002,615
165,616
295,616
390,616
644,616
683,616
704,616
733,616
748,616
854,616
999,616
122,617
129,617
188,617
246,617
256,617
461,617
831,617
844,617
926,617
1009,617
1021,617
123,618
344,618
365,618
553,618
557,618
80,619
172,619
401,619
403,619
507,619
116,620
195,620
265,620
308,620
600,620
682,620
989,620
1000,620
282,621
293,621
608,621
728,621
795,621
808,621
982,621
1010,621
368,622
383,622
396,622
653,622
655,622
658,622
698,622
710,622
823,622
833,622
890,622
935,622
977,622
254,623
608,623
616,623
620,623
781,623
835,623
338,624
447,624
483,624
556,624
675,624
759,624
896,624
908,624
925,624
989,624
1036,624
98,625
167,625
241,625
558,625
861,625
901,625
117,626
143,626
172,626
459,626
551,626
581,626
645,626
650,626
770,626
817,626
908,626
945,626
1029,626
333,627
488,627
547,627
633,627
734,627
742,627
807,627
949,627
79,628
113,628
177,628
459,628
499,628
533,628
562,628
648,628
702,628
761,628
777,628
911,628
250,629
415,629
445,629
486,629
490,629
685,629
942,629
99,630
146,630
177,630
387,630
441,630
505,630
560,630
696,630
716,630
740,630
765,630
841,630
930,630
949,630
1015,630
1021,630
54,631
135,631
158,631
293,631
376,631
453,631
456,631
483,631
542,631
574,631
588,631
672,631
690,631
746,631
878,631
993,631
77,632
124,632
580,632
599,632
720,632
806,632
823,632
831,632
896,632
1019,632
1033,632
76,633
178,633
389,633
464,633
483,633
539,633
542,633
810,633
894,633
953,633
979,633
1014,633
95,634
141,634
186,634
334,634
419,634
450,634
510,634
634,634
1032,634
237,635
277,635
291,635
469,635
479,635
515,635
711,635
868,635
52,636
144,636
173,636
224,636
487,636
562,636
622,636
641,636
647,636
685,636
712,636
797,636
806,636
884,636
1016,636
52,637
79,637
118,637
146,637
246,637
791,637
799,637
826,637
990,637
1019,637
64,638
320,638
401,638
467,638
602,638
617,638
650,638
854,638
896,638
909,638
153,639
428,639
439,639
551,639
581,639
633,639
691,639
924,639
1012,639
1030,639
69,640
163,640
204,640
264,640
284,640
310,640
443,640
474,640
509,640
805,640
814,640
196,641
214,641
232,641
305,641
313,641
499,641
510,641
588,641
600,641
659,641
752,641
973,641
69,642
111,642
118,642
413,642
507,642
663,642
941,642
1017,642
136,643
140,643
254,643
292,643
448,643
690,643
909,643
169,644
227,644
231,644
359,644
394,644
587,644
676,644
1001,644
1034,644
253,645
261,645
348,645
379,645
540,645
698,645
797,645
868,645
104,646
121,646
172,646
260,646
294,646
409,646
479,646
685,646
687,646
919,646
291,647
329,647
358,647
367,647
380,647
388,647
495,647
531,647
658,647
677,647
798,647
815,647
904,647
906,647
985,647
249,648
297,648
402,648
694,648
698,648
838,648
865,648
917,648
169,649
194,649
284,649
370,649
420,649
459,649
613,649
709,649
771,649
829,649
866,649
959,649
171,650
315,650
365,650
479,650
601,650
640,650
688,650
866,650
999,650
1037,650
70,651
130,651
169,651
288,651
296,651
309,651
322,651
523,651
684,651
715,651
754,651
897,651
48,652
122,652
152,652
159,652
165,652
182,652
326,652
382,652
468,652
558,652
570,652
589,652
747,652
923,652
999,652
78,653
512,653
573,653
658,653
911,653
921,653
936,653
958,653
87,654
105,654
142,654
210,654
296,654
313,654
327,654
674,654
675,654
885,654
904,654
930,654
1011,654
55,655
213,655
1024,655
199,656
208,656
390,656
419,656
610,656
726,656
776,656
833,656
883,656
915,656
954,656
993,656
1029,656
320,657
577,657
654,657
870,657
122,658
223,658
315,658
620,658
686,658
928,658
329,659
403,659
460,659
465,659
652,659
797,659
818,659
1017,659
75,660
367,660
491,660
506,660
596,660
642,660
667,660
695,660
744,660
946,660
993,660
71,661
199,661
361,661
481,661
468,662
550,662
565,662
704,662
786,662
905,662
81,663
183,663
247,663
436,663
487,663
519,663
565,663
676,663
721,663
778,663
783,663
788,663
1040,663
49,664
64,664
165,664
282,664
320,664
336,664
464,664
682,664
840,664
855,664
909,664
1001,664
1024,664
1040,664
230,665
317,665
368,665
403,665
569,665
688,665
696,665
748,665
769,665
847,665
895,665
915,665
916,665
81,666
165,666
364,666
654,666
701,666
874,666
881,666
956,666
132,667
169,667
352,667
365,667
599,667
684,667
716,667
736,667
741,667
798,667
886,667
888,667
917,667
1011,667
1027,667
170,668
209,668
298,668
318,668
328,668
385,668
406,668
654,668
1020,668
142,669
388,669
439,669
557,669
589,669
632,669
737,669
63,670
95,670
153,670
221,670
744,670
747,670
804,670
925,670
215,671
244,671
647,671
711,671
726,671
884,671
86,672
619,672
646,672
800,672
846,672
78,673
131,673
193,673
197,673
228,673
288,673
364,673
398,673
442,673
493,673
503,673
623,673
687,673
726,673
779,673
873,673
993,673
74,674
101,674
257,674
470,674
516,674
670,674
674,674
779,674
858,674
892,674
958,674
169,675
195,675
237,675
270,675
298,675
316,675
341,675
347,675
422,675
425,675
567,675
768,675
778,675
859,675
890,675
55,676
174,676
326,676
354,676
367,676
369,676
442,676
650,676
82,677
85,677
263,677
351,677
371,677
421,677
587,677
678,677
921,677
152,678
292,678
323,678
376,678
585,678
706,678
762,678
859,678
141,679
274,679
433,679
455,679
505,679
573,679
707,679
709,679
841,679
865,679
871,679
882,679
1004,679
279,680
635,680
651,680
725,680
761,680
821,680
1042,680
100,681
152,681
158,681
229,681
290,681
347,681
440,681
630,681
802,681
666,682
674,682
132,683
134,683
148,683
229,683
429,683
544,683
727,683
849,683
922,683
53,684
223,684
264,684
362,684
610,684
646,684
670,684
763,684
817,684
1006,684
414,685
540,685
609,685
855,685
945,685
975,685
146,686
157,686
249,686
516,686
639,686
684,686
720,686
830,686
958,686
960,686
253,687
351,687
382,687
390,687
552,687
619,687
785,687
893,687
171,688
261,688
267,688
279,688
295,688
494,688
545,688
626,688
809,688
140,689
233,689
371,689
399,689
490,689
702,689
747,689
915,689
936,689
975,689
87,690
147,690
185,690
200,690
353,690
379,690
715,690
757,690
773,690
790,690
911,690
127,691
352,691
385,691
407,691
496,691
632,691
701,691
845,691
871,691
927,691
949,691
106,692
195,692
328,692
427,692
729,692
740,692
873,692
935,692
937,692
989,692
1011,692
76,693
111,693
137,693
145,693
419,693
454,693
486,693
580,693
583,693
595,693
600,693
732,693
920,693
1032,693
335,694
427,694
565,694
652,694
719,694
859,694
924,694
994,694
1031,694
74,695
177,695
306,695
483,695
596,695
645,695
662,695
727,695
894,695
927,695
965,695
1035,695
62,696
141,696
145,696
294,696
352,696
357,696
369,696
506,696
508,696
731,696
751,696
858,696
962,696
992,696
1002,696
1011,696
114,697
213,697
261,697
306,697
328,697
453,697
460,697
535,697
608,697
697,697
720,697
721,697
809,697
970,697
347,698
382,698
588,698
905,698
1018,698
127,699
163,699
284,699
548,699
564,699
695,699
756,699
826,699
838,699
964,699
47,700
172,700
233,700
316,700
474,700
508,700
848,700
69,701
347,701
571,701
187,702
193,702
203,702
368,702
411,702
658,702
703,702
798,702
841,702
142,703
386,703
422,703
608,703
740,703
815,703
990,703
72,704
151,704
165,704
280,704
326,704
346,704
541,704
594,704
611,704
618,704
677,704
746,704
813,704
106,705
153,705
158,705
445,705
580,705
606,705
810,705
816,705
842,705
909,705
103,706
116,706
158,706
226,706
417,706
475,706
549,706
694,706
712,706
45,707
304,707
325,707
433,707
703,707
815,707
832,707
853,707
884,707
971,707
117,708
251,708
265,708
298,708
302,708
348,708
380,708
532,708
695,708
715,708
900,708
928,708
1004,708
1044,708
72,709
234,709
278,709
417,709
510,709
722,709
757,709
936,709
223,710
420,710
497,710
715,710
1036,710
59,711
115,711
117,711
324,711
368,711
451,711
522,711
612,711
614,711
700,711
799,711
807,711
849,711
928,711
961,711
980,711
111,712
189,712
491,712
528,712
538,712
639,712
743,712
881,712
957,712
994,712
1031,712
269,713
284,713
372,713
431,713
450,713
488,713
623,713
657,713
662,713
716,713
876,713
959,713
964,713
980,713
1034,713
114,714
230,714
238,714
270,714
506,714
526,714
568,714
584,714
707,714
102,715
413,715
453,715
462,715
528,715
728,715
747,715
941,715
959,715
49,716
601,716
702,716
788,716
821,716
901,716
907,716
994,716
186,717
210,717
332,717
421,717
478,717
492,717
734,717
787,717
824,717
834,717
847,717
850,717
869,717
870,717
903,717
907,717
915,717
980,717
59,718
138,718
249,718
408,718
794,718
796,718
827,718
913,718
194,719
261,719
459,719
566,719
729,719
950,719
1003,719
1042,719
349,720
352,720
405,720
471,720
490,720
495,720
506,720
511,720
803,720
85,721
124,721
447,721
545,721
609,721
871,721
900,721
966,721
65,722
93,722
132,722
218,722
317,722
407,722
528,722
620,722
785,722
947,722
979,722
65,723
82,723
102,723
162,723
209,723
386,723
443,723
503,723
566,723
610,723
103,724
127,724
293,724
396,724
459,724
492,724
526,724
704,724
813,724
862,724
917,724
1031,724
49,725
50,725
199,725
265,725
399,725
444,725
638,725
855,725
919,725
88,726
198,726
237,726
301,726
475,726
536,726
622,726
687,726
894,726
967,726
119,727
478,727
673,727
779,727
866,727
1000,727
176,728
213,728
260,728
278,728
337,728
338,728
363,728
533,728
651,728
725,728
1028,728
98,729
256,729
464,729
485,729
526,729
580,729
679,729
865,729
917,729
929,729
1005,729
91,730
465,730
505,730
556,730
628,730
649,730
655,730
659,730
85,731
134,731
427,731
570,731
608,731
614,731
905,731
911,731
966,731
1024,731
127,732
152,732
171,732
205,732
314,732
328,732
333,732
335,732
407,732
648,732
659,732
715,732
804,732
841,732
130,733
274,733
395,733
396,733
454,733
475,733
512,733
549,733
705,733
727,733
778,733
779,733
861,733
879,733
900,733
914,733
409,734
412,734
646,734
685,734
690,734
785,734
800,734
844,734
880,734
950,734
991,734
82,735
103,735
183,735
261,735
560,735
717,735
857,735
973,735
93,736
294,736
320,736
330,736
341,736
370,736
594,736
611,736
627,736
655,736
749,736
751,736
899,736
946,736
971,736
47,737
250,737
263,737
370,737
629,737
636,737
659,737
687,737
846,737
852,737
900,737
250,738
339,738
412,738
479,738
645,738
680,738
939,738
53,739
183,739
213,739
392,739
445,739
447,739
483,739
493,739
542,739
585,739
624,739
688,739
770,739
889,739
929,739
281,740
369,740
447,740
492,740
582,740
755,740
794,740
818,740
1000,740
167,741
270,741
382,741
440,741
457,741
881,741
1011,741
1032,741
67,742
149,742
270,742
438,742
607,742
637,742
655,742
745,742
858,742
886,742
911,742
921,742
950,742
110,743
151,743
167,743
599,743
633,743
855,743
963,743
1009,743
65,744
100,744
129,744
130,744
217,744
287,744
301,744
311,744
352,744
364,744
507,744
522,744
670,744
777,744
852,744
864,744
979,744
995,744
1024,744
58,745
151,745
169,745
274,745
297,745
382,745
474,745
705,745
835,745
844,745
893,745
88,746
116,746
290,746
596,746
613,746
667,746
224,747
286,747
652,747
673,747
783,747
785,747
801,747
80,748
694,748
701,748
710,748
745,748
779,748
789,748
794,748
797,748
929,748
962,748
269,749
369,749
438,749
540,749
541,749
687,749
751,749
793,749
120,750
154,750
157,750
170,750
173,750
214,750
233,750
556,750
594,750
622,750
700,750
772,750
970,750
1002,750
165,751
185,751
205,751
391,751
698,751
941,751
972,751
1011,751
1044,751
286,752
335,752
429,752
511,752
696,752
712,752
865,752
934,752
941,752
308,753
646,753
892,753
59,754
64,754
133,754
181,754
219,754
284,754
405,754
468,754
484,754
580,754
757,754
907,754
1011,754
1018,754
241,755
499,755
581,755
586,755
589,755
811,755
376,756
416,756
554,756
565,756
568,756
719,756
790,756
829,756
208,757
312,757
465,757
467,757
477,757
845,757
851,757
940,757
1034,757
214,758
263,758
305,758
450,758
563,758
701,758
938,758
200,759
206,759
375,759
515,759
731,759
766,759
988,759
990,759
95,760
156,760
269,760
365,760
428,760
478,760
674,760
691,760
1028,760
1033,760
86,761
109,761
136,761
294,761
433,761
437,761
479,761
481,761
524,761
677,761
694,761
748,761
772,761
911,761
1022,761
1031,761
95,762
118,762
140,762
481,762
520,762
671,762
807,762
849,762
913,762
977,762
118,763
167,763
242,763
334,763
413,763
919,763
67,764
357,764
407,764
511,764
557,764
564,764
655,764
684,764
754,764
939,764
944,764
65,765
72,765
78,765
97,765
98,765
365,765
451,765
630,765
649,765
804,765
850,765
47,766
59,766
183,766
396,766
450,766
461,766
517,766
625,766
755,766
757,766
884,766
937,766
66,767
119,767
272,767
385,767
524,767
676,767
837,767
955,767
53,768
55,768
271,768
368,768
396,768
532,768
559,768
599,768
829,768
898,768
72,769
199,769
212,769
217,769
237,769
381,769
537,769
856,769
863,769
934,769
113,770
269,770
334,770
343,770
428,770
524,770
684,770
696,770
747,770
927,770
945,770
1022,770
61,771
220,771
332,771
348,771
500,771
615,771
624,771
675,771
680,771
709,771
945,771
128,772
226,772
261,772
317,772
515,772
520,772
778,772
793,772
821,772
871,772
884,772
896,772
914,772
987,772
67,773
175,773
302,773
351,773
362,773
787,773
875,773
887,773
1040,773
225,774
347,774
349,774
387,774
457,774
560,774
615,774
795,774
861,774
951,774
957,774
61,775
174,775
212,775
345,775
580,775
716,775
932,775
935,775
976,775
186,776
310,776
344,776
392,776
465,776
489,776
693,776
710,776
728,776
824,776
831,776
895,776
932,776
1011,776
1039,776
47,777
203,777
363,777
448,777
616,777
628,777
668,777
808,777
883,777
979,777
215,778
217,778
226,778
399,778
437,778
605,778
768,778
58,779
115,779
282,779
422,779
538,779
742,779
784,779
888,779
890,779
50,780
100,780
110,780
267,780
333,780
340,780
455,780
574,780
655,780
668,780
739,780
752,780
891,780
940,780
972,780
1043,780
177,781
181,781
187,781
275,781
354,781
395,781
415,781
504,781
539,781
673,781
1006,781
1036,781
164,782
218,782
675,782
817,782
108,783
220,783
390,783
476,783
623,783
730,783
958,783
965,783
246,784
301,784
325,784
380,784
519,784
526,784
605,784
727,784
783,784
788,784
822,784
50,785
191,785
203,785
327,785
388,785
417,785
451,785
469,785
480,785
556,785
685,785
756,785
893,785
966,785
1011,785
1018,785
1019,785
60,786
76,786
149,786
342,786
764,786
782,786
59,787
164,787
318,787
372,787
478,787
562,787
578,787
709,787
735,787
751,787
827,787
868,787
904,787
223,788
290,788
555,788
591,788
656,788
725,788
766,788
796,788
806,788
881,788
943,788
91,789
110,789
438,789
476,789
535,789
619,789
626,789
656,789
699,789
737,789
927,789
933,789
982,789
1037,789
73,790
149,790
251,790
316,790
501,790
657,790
664,790
697,790
699,790
738,790
785,790
1003,790
365,791
406,791
599,791
656,791
712,791
725,791
750,791
784,791
877,791
892,791
971,791
62,792
122,792
399,792
431,792
455,792
535,792
567,792
636,792
714,792
748,792
802,792
844,792
886,792
911,792
1016,792
78,793
91,793
121,793
446,793
517,793
576,793
586,793
613,793
617,793
657,793
724,793
967,793
990,793
112,794
167,794
406,794
478,794
656,794
696,794
748,794
803,794
858,794
924,794
146,795
317,795
332,795
523,795
571,795
650,795
748,795
857,795
974,795
307,796
357,796
544,796
678,796
806,796
824,796
882,796
998,796
51,797
73,797
579,797
643,797
739,797
781,797
960,797
1016,797
1032,797
104,798
212,798
265,798
368,798
477,798
495,798
527,798
612,798
697,798
810,798
817,798
952,798
58,799
89,799
168,799
227,799
241,799
517,799
600,799
601,799
746,799
762,799
964,799
186,800
223,800
227,800
268,800
276,800
475,800
498,800
539,800
567,800
700,800
204,801
374,801
614,801
687,801
845,801
981,801
118,802
191,802
326,802
336,802
423,802
531,802
674,802
918,802
1025,802
89,803
345,803
429,803
502,803
666,803
704,803
869,803
56,804
80,804
82,804
254,804
293,804
384,804
458,804
489,804
800,804
911,804
1042,804
94,805
167,805
387,805
537,805
552,805
788,805
791,805
826,805
853,805
915,805
1025,805
59,806
446,806
472,806
480,806
491,806
578,806
655,806
678,806
756,806
927,806
940,806
947,806
961,806
978,806
246,807
258,807
535,807
539,807
552,807
853,807
884,807
918,807
944,807
978,807
1005,807
197,808
234,808
268,808
312,808
454,808
533,808
542,808
544,808
558,808
610,808
692,808
742,808
754,808
786,808
320,809
369,809
481,809
517,809
770,809
850,809
865,809
47,810
89,810
673,810
687,810
794,810
815,810
949,810
51,811
145,811
227,811
250,811
262,811
461,811
465,811
510,811
541,811
715,811
745,811
988,811
67,812
80,812
101,812
119,812
386,812
417,812
524,812
710,812
750,812
871,812
910,812
1041,812
103,813
134,813
493,813
655,813
679,813
105,814
289,814
338,814
345,814
472,814
634,814
659,814
1026,814
1037,814
212,815
266,815
282,815
508,815
531,815
544,815
769,815
801,815
810,815
951,815
979,815
1036,815
75,816
174,816
349,816
363,816
502,816
516,816
519,816
521,816
611,816
660,816
712,816
775,816
1032,816
154,817
202,817
447,817
470,817
486,817
721,817
50,818
116,818
214,818
315,818
396,818
508,818
516,818
591,818
631,818
714,818
727,818
929,818
943,818
135,819
232,819
238,819
264,819
360,819
395,819
468,819
578,819
666,819
703,819
720,819
828,819
874,819
118,820
125,820
231,820
565,820
671,820
769,820
808,820
927,820
986,820
45,821
100,821
142,821
176,821
304,821
305,821
306,821
426,821
480,821
433,822
498,822
530,822
722,822
787,822
878,822
106,823
117,823
177,823
205,823
407,823
447,823
570,823
578,823
967,823
123,824
312,824
392,824
613,824
672,824
674,824
680,824
716,824
848,824
942,824
958,824
981,824
202,825
268,825
333,825
428,825
663,825
817,825
1044,825
69,826
125,826
134,826
137,826
233,826
289,826
471,826
520,826
978,826
1037,826
65,827
83,827
131,827
180,827
184,827
263,827
523,827
649,827
652,827
664,827
669,827
689,827
740,827
890,827
967,827
113,828
148,828
153,828
301,828
401,828
437,828
775,828
854,828
860,828
79,829
93,829
227,829
290,829
302,829
646,829
684,829
321,830
559,830
591,830
617,830
777,830
780,830
876,830
95,831
145,831
175,831
210,831
246,831
280,831
559,831
654,831
882,831
977,831
982,831
207,832
368,832
492,832
509,832
564,832
619,832
783,832
836,832
852,832
937,832
938,832
69,833
411,833
470,833
636,833
692,833
705,833
747,833
770,833
845,833
911,833
923,833
994,833
47,834
81,834
130,834
212,834
216,834
423,834
579,834
627,834
859,834
937,834
51,835
127,835
135,835
185,835
199,835
246,835
305,835
350,835
664,835
672,835
761,835
258,836
300,836
367,836
410,836
467,836
485,836
573,836
852,836
1020,836
98,837
237,837
303,837
653,837
62,838
138,838
152,838
445,838
549,838
740,838
808,838
977,838
142,839
360,839
407,839
419,839
588,839
642,839
668,839
738,839
741,839
750,839
753,839
798,839
971,839
1034,839
361,840
451,840
481,840
512,840
551,840
560,840
772,840
803,840
805,840
824,840
934,840
55,841
286,841
320,841
591,841
763,841
888,841
919,841
976,841
96,842
192,842
233,842
263,842
451,842
530,842
547,842
682,842
846,842
849,842
862,842
929,842
971,842
989,842
160,843
248,843
280,843
397,843
438,843
444,843
557,843
650,843
723,843
771,843
826,843
855,843
954,843
968,843
1009,843
126,844
282,844
306,844
376,844
448,844
544,844
557,844
999,844
160,845
173,845
355,845
461,845
708,845
782,845
790,845
867,845
871,845
1002,845
54,846
149,846
194,846
279,846
379,846
684,846
840,846
853,846
949,846
986,846
642,847
680,847
818,847
885,847
1026,847
167,848
545,848
598,848
764,848
844,848
98,849
189,849
303,849
410,849
896,849
946,849
285,850
578,850
592,850
668,850
847,850
852,850
969,850
150,851
186,851
196,851
392,851
489,851
539,851
651,851
784,851
912,851
59,852
64,852
97,852
154,852
195,852
232,852
322,852
349,852
381,852
389,852
564,852
930,852
492,853
521,853
654,853
735,853
749,853
826,853
73,854
214,854
229,854
272,854
337,854
494,854
645,854
650,854
831,854
129,855
266,855
288,855
361,855
380,855
403,855
569,855
634,855
704,855
760,855
848,855
860,855
996,855
416,856
422,856
448,856
532,856
544,856
650,856
735,856
736,856
914,856
127,857
137,857
491,857
526,857
684,857
705,857
722,857
779,857
899,857
931,857
943,857
65,858
100,858
167,858
203,858
515,858
630,858
932,858
986,858
203,859
261,859
263,859
291,859
345,859
346,859
386,859
415,859
452,859
462,859
516,859
544,859
595,859
709,859
753,859
852,859
1002,859
463,860
482,860
592,860
658,860
933,860
1038,860
198,861
243,861
283,861
328,861
398,861
460,861
520,861
626,861
653,861
680,861
857,861
878,861
942,861
967,861
182,862
224,862
266,862
303,862
372,862
373,862
491,862
495,862
516,862
737,862
754,862
822,862
832,862
842,862
877,862
958,862
974,862
123,863
493,863
503,863
524,863
640,863
641,863
703,863
780,863
814,863
853,863
884,863
906,863
997,863
96,864
122,864
152,864
426,864
534,864
538,864
542,864
658,864
680,864
708,864
747,864
940,864
345,865
448,865
496,865
931,865
944,865
1002,865
103,866
191,866
395,866
453,866
502,866
529,866
740,866
850,866
910,866
60,867
121,867
134,867
242,867
243,867
258,867
273,867
346,867
453,867
489,867
566,867
733,867
973,867
61,868
86,868
256,868
278,868
295,868
428,868
726,868
805,868
860,868
959,868
996,868
250,869
447,869
449,869
477,869
478,869
631,869
647,869
970,869
56,870
150,870
229,870
371,870
549,870
617,870
666,870
741,870
816,870
862,870
870,870
965,870
1040,870
78,871
79,871
148,871
396,871
404,871
501,871
579,871
598,871
700,871
728,871
853,871
1010,871
76,872
90,872
96,872
505,872
547,872
782,872
808,872
826,872
76,873
189,873
295,873
355,873
433,873
535,873
573,873
807,873
815,873
995,873
78,874
134,874
170,874
202,874
335,874
344,874
508,874
540,874
733,874
741,874
888,874
957,874
996,874
1014,874
128,875
195,875
321,875
335,875
559,875
701,875
807,875
893,875
922,875
983,875
96,876
190,876
249,876
325,876
434,876
441,876
526,876
654,876
675,876
815,876
172,877
204,877
382,877
438,877
564,877
589,877
709,877
710,877
718,877
747,877
901,877
991,877
125,878
182,878
184,878
260,878
280,878
357,878
362,878
380,878
642,878
753,878
847,878
870,878
917,878
166,879
279,879
363,879
383,879
488,879
573,879
703,879
1012,879
98,880
817,880
149,881
171,881
231,881
328,881
502,881
546,881
611,881
626,881
819,881
978,881
1012,881
160,882
163,882
185,882
229,882
230,882
392,882
422,882
612,882
692,882
771,882
902,882
904,882
962,882
372,883
435,883
467,883
669,883
704,883
733,883
972,883
120,884
127,884
261,884
306,884
399,884
445,884
460,884
471,884
514,884
589,884
601,884
637,884
690,884
762,884
764,884
785,884
884,884
1018,884
164,885
472,885
540,885
961,885
973,885
89,886
188,886
278,886
457,886
496,886
558,886
664,886
670,886
715,886
824,886
997,886
1012,886
70,887
211,887
266,887
354,887
497,887
507,887
529,887
634,887
688,887
769,887
832,887
985,887
1044,887
69,888
93,888
198,888
287,888
392,888
543,888
548,888
861,888
877,888
57,889
96,889
178,889
190,889
296,889
346,889
379,889
424,889
431,889
518,889
555,889
931,889
996,889
1040,889
96,890
107,890
239,890
437,890
818,890
870,890
987,890
83,891
196,891
199,891
205,891
362,891
412,891
455,891
491,891
555,891
565,891
598,891
701,891
868,891
46,892
122,892
170,892
179,892
453,892
577,892
767,892
853,892
864,892
77,893
129,893
137,893
422,893
425,893
509,893
619,893
665,893
802,893
865,893
878,893
224,894
289,894
298,894
536,894
607,894
624,894
775,894
962,894
1021,894
130,895
222,895
228,895
279,895
468,895
493,895
810,895
830,895
898,895
907,895
940,895
957,895
86,896
379,896
396,896
734,896
762,896
828,896
885,896
1020,896
181,897
280,897
337,897
406,897
626,897
662,897
672,897
769,897
115,898
152,898
240,898
258,898
279,898
464,898
480,898
512,898
572,898
658,898
680,898
791,898
1011,898
382,899
486,899
556,899
597,899
640,899
651,899
742,899
912,899
984,899
1001,899
229,900
449,900
562,900
582,900
630,900
674,900
683,900
691,900
848,900
879,900
898,900
933,900
88,901
91,901
101,901
106,901
185,901
244,901
408,901
455,901
605,901
276,902
307,902
439,902
497,902
618,902
702,902
802,902
862,902
1015,902
1037,902
71,903
75,903
121,903
172,903
264,903
362,903
444,903
776,903
831,903
109,904
210,904
248,904
262,904
344,904
440,904
483,904
523,904
672,904
768,904
865,904
179,905
274,905
541,905
542,905
567,905
593,905
599,905
631,905
671,905
53,906
54,906
358,906
432,906
436,906
437,906
584,906
731,906
114,907
182,907
249,907
316,907
365,907
379,907
478,907
791,907
987,907
252,908
282,908
293,908
294,908
330,908
388,908
423,908
458,908
481,908
483,908
712,908
722,908
744,908
926,908
975,908
76,909
77,909
86,909
196,909
209,909
256,909
403,909
430,909
448,909
537,909
574,909
701,909
908,909
962,909
1041,909
98,910
118,910
213,910
294,910
577,910
754,910
92,911
99,911
120,911
572,911
693,911
887,911
1036,911
146,912
263,912
287,912
547,912
636,912
809,912
831,912
836,912
921,912
938,912
976,912
990,912
1022,912
179,913
182,913
191,913
203,913
230,913
312,913
349,913
366,913
486,913
554,913
572,913
793,913
848,913
900,913
62,914
70,914
121,914
476,914
510,914
597,914
55,915
372,915
381,915
539,915
653,915
799,915
884,915
928,915
1031,915
112,916
142,916
372,916
405,916
406,916
416,916
425,916
563,916
728,916
843,916
924,916
946,916
1026,916
88,917
94,917
129,917
148,917
305,917
397,917
405,917
532,917
639,917
785,917
861,917
913,917
972,917
70,918
97,918
177,918
219,918
297,918
416,918
550,918
569,918
712,918
1033,918
343,919
383,919
439,919
521,919
581,919
619,919
852,919
906,919
997,919
216,920
281,920
354,920
472,920
535,920
546,920
722,920
740,920
830,920
908,920
61,921
287,921
424,921
534,921
542,921
612,921
634,921
713,921
777,921
813,921
847,921
896,921
917,921
985,921
92,922
126,922
289,922
358,922
407,922
457,922
578,922
595,922
602,922
676,922
722,922
733,922
944,922
947,922
1019,922
104,923
189,923
217,923
277,923
552,923
582,923
624,923
684,923
781,923
878,923
956,923
972,923
53,924
95,924
184,924
242,924
356,924
450,924
579,924
647,924
658,924
665,924
717,924
753,924
797,924
844,924
887,924
1022,924
1039,924
58,925
83,925
169,925
252,925
331,925
470,925
481,925
491,925
626,925
632,925
751,925
764,925
777,925
830,925
844,925
939,925
1017,925
1044,925
83,926
193,926
218,926
233,926
282,926
447,926
614,926
689,926
822,926
830,926
856,926
968,926
992,926
141,927
468,927
646,927
717,927
730,927
760,927
830,927
877,927
910,927
934,927
996,927
225,928
312,928
374,928
413,928
543,928
644,928
739,928
781,928
107,929
355,929
412,929
492,929
521,929
700,929
722,929
725,929
838,929
61,930
65,930
73,930
125,930
376,930
398,930
408,930
457,930
550,930
667,930
673,930
870,930
920,930
63,931
154,931
222,931
274,931
393,931
419,931
474,931
636,931
671,931
698,931
735,931
738,931
864,931
939,931
48,932
132,932
470,932
601,932
1043,932
69,933
117,933
121,933
134,933
170,933
298,933
328,933
397,933
590,933
594,933
725,933
887,933
925,933
1004,933
262,934
439,934
943,934
956,934
968,934
388,935
477,935
491,935
513,935
514,935
586,935
696,935
756,935
287,936
504,936
582,936
640,936
730,936
751,936
798,936
981,936
1037,936
291,937
425,937
834,937
838,937
857,937
873,937
965,937
1015,937
1026,937
81,938
107,938
179,938
197,938
221,938
262,938
285,938
326,938
398,938
604,938
645,938
830,938
889,938
966,938
163,939
224,939
273,939
320,939
351,939
384,939
393,939
446,939
462,939
480,939
522,939
660,939
703,939
713,939
739,939
776,939
870,939
932,939
933,939
145,940
293,940
384,940
460,940
499,940
573,940
606,940
789,940
816,940
820,940
833,940
923,940
57,941
77,941
226,941
253,941
393,941
416,941
1016,941
194,942
227,942
296,942
487,942
582,942
693,942
714,942
742,942
905,942
1030,942
1032,942
191,943
264,943
667,943
697,943
746,943
767,943
827,943
975,943
145,944
233,944
351,944
575,944
731,944
838,944
858,944
974,944
61,945
182,945
197,945
234,945
404,945
433,945
453,945
458,945
604,945
667,945
961,945
54,946
189,946
412,946
566,946
626,946
800,946
809,946
933,946
952,946
988,946
1030,946
179,947
246,947
261,947
553,947
618,947
625,947
657,947
671,947
787,947
928,947
80,948
250,948
388,948
409,948
552,948
554,948
626,948
853,948
893,948
911,948
947,948
198,949
277,949
378,949
396,949
398,949
424,949
508,949
777,949
942,949
324,950
456,950
660,950
731,950
801,950
891,950
971,950
202,951
203,951
231,951
263,951
642,951
921,951
142,952
161,952
260,952
328,952
430,952
447,952
506,952
514,952
533,952
554,952
637,952
820,952
858,952
924,952
945,952
70,953
101,953
305,953
310,953
631,953
665,953
127,954
186,954
237,954
312,954
457,954
481,954
896,954
923,954
969,954
91,955
110,955
127,955
287,955
678,955
846,955
855,955
110,956
186,956
281,956
284,956
322,956
540,956
663,956
692,956
826,956
846,956
902,956
965,956
1012,956
105,957
265,957
294,957
384,957
424,957
620,957
701,957
718,957
737,957
816,957
847,957
984,957
1009,957
1037,957
170,958
233,958
263,958
389,958
487,958
506,958
507,958
533,958
638,958
655,958
183,959
266,959
503,959
550,959
878,959
995,959
117,960
357,960
436,960
455,960
852,960
861,960
976,960
48,961
506,961
735,961
874,961
963,961
91,962
121,962
189,962
194,962
278,962
485,962
685,962
753,962
893,962
966,962
55,963
121,963
150,963
185,963
205,963
225,963
290,963
489,963
535,963
592,963
614,963
743,963
747,963
935,963
140,964
188,964
239,964
273,964
313,964
362,964
377,964
569,964
615,964
795,964
802,964
853,964
884,964
892,964
908,964
912,964
973,964
197,965
252,965
322,965
503,965
551,965
646,965
731,965
764,965
798,965
922,965
958,965
1009,965
1039,965
164,966
181,966
281,966
492,966
612,966
803,966
828,966
1037,966
62,967
352,967
404,967
447,967
512,967
528,967
531,967
637,967
759,967
796,967
802,967
863,967
982,967
993,967
1007,967
45,968
371,968
566,968
611,968
636,968
660,968
671,968
761,968
770,968
780,968
783,968
863,968
125,969
129,969
167,969
378,969
414,969
553,969
612,969
830,969
903,969
1025,969
122,970
154,970
322,970
346,970
424,970
535,970
741,970
839,970
841,970
1038,970
128,971
139,971
154,971
219,971
389,971
444,971
466,971
533,971
651,971
768,971
1006,971
463,972
708,972
786,972
72,973
291,973
370,973
457,973
740,973
811,973
50,974
65,974
327,974
352,974
366,974
430,974
499,974
642,974
761,974
950,974
310,975
366,975
535,975
723,975
770,975
778,975
860,975
981,975
1039,975
136,976
209,976
266,976
307,976
392,976
620,976
708,976
898,976
59,977
178,977
291,977
353,977
566,977
736,977
829,977
1041,977
262,978
326,978
954,978
202,979
244,979
325,979
341,979
342,979
507,979
510,979
511,979
591,979
623,979
702,979
775,979
787,979
920,979
939,979
998,979
70,980
73,980
112,980
296,980
359,980
450,980
534,980
716,980
937,980
143,981
404,981
455,981
496,981
516,981
533,981
101,982
130,982
143,982
183,982
301,982
395,982
563,982
568,982
792,982
842,982
210,983
268,983
504,983
566,983
753,983
784,983
987,983
994,983
482,984
523,984
525,984
542,984
626,984
628,984
653,984
890,984
929,984
64,985
130,985
367,985
376,985
399,985
409,985
464,985
474,985
599,985
660,985
887,985
934,985
1015,985
125,986
215,986
276,986
454,986
600,986
625,986
669,986
784,986
803,986
863,986
165,987
176,987
243,987
426,987
637,987
683,987
702,987
819,987
839,987
844,987
929,987
117,988
150,988
263,988
356,988
455,988
460,988
598,988
938,988
210,989
264,989
330,989
367,989
421,989
478,989
583,989
708,989
758,989
929,989
981,989
90,990
180,990
254,990
317,990
354,990
517,990
694,990
698,990
705,990
813,990
958,990
999,990
1022,990
86,991
123,991
176,991
264,991
471,991
653,991
739,991
855,991
341,992
374,992
475,992
643,992
127,993
140,993
180,993
701,993
717,993
727,993
966,993
255,994
593,994
699,994
93,995
124,995
551,995
645,995
714,995
956,995
991,995
1018,995
742,996
774,996
844,996
901,996
945,996
116,997
175,997
214,997
314,997
426,997
454,997
518,997
808,997
985,997
1030,997
48,998
74,998
95,998
200,998
374,998
480,998
566,998
609,998
852,998
870,998
943,998
162,999
307,999
395,999
401,999
473,999
511,999
590,999
625,999
649,999
674,999
760,999
777,999
782,999
895,999
923,999
1024,999
208,1000
267,1000
283,1000
308,1000
662,1000
673,1000
826,1000
851,1000
860,1000
949,1000
60,1001
104,1001
319,1001
705,1001
905,1001
975,1001
56,1002
88,1002
152,1002
223,1002
247,1002
259,1002
534,1002
613,1002
792,1002
798,1002
835,1002
856,1002
67,1003
275,1003
308,1003
386,1003
387,1003
614,1003
715,1003
717,1003
747,1003
791,1003
793,1003
313,1004
364,1004
412,1004
456,1004
482,1004
567,1004
676,1004
709,1004
714,1004
826,1004
914,1004
1036,1004
235,1005
348,1005
484,1005
508,1005
557,1005
738,1005
773,1005
1034,1005
277,1006
583,1006
611,1006
754,1006
910,1006
918,1006
993,1006
64,1007
85,1007
127,1007
173,1007
307,1007
424,1007
463,1007
570,1007
799,1007
864,1007
927,1007
998,1007
246,1008
288,1008
348,1008
394,1008
453,1008
459,1008
468,1008
490,1008
607,1008
805,1008
987,1008
1030,1008
85,1009
99,1009
127,1009
145,1009
209,1009
228,1009
352,1009
583,1009
665,1009
697,1009
796,1009
798,1009
1043,1009
69,1010
96,1010
144,1010
154,1010
175,1010
328,1010
335,1010
339,1010
378,1010
522,1010
584,1010
601,1010
349,1011
493,1011
503,1011
642,1011
660,1011
669,1011
970,1011
979,1011
133,1012
203,1012
221,1012
316,1012
371,1012
468,1012
659,1012
661,1012
742,1012
903,1012
995,1012
1031,1012
139,1013
336,1013
505,1013
511,1013
557,1013
659,1013
869,1013
903,1013
997,1013
1001,1013
1002,1013
1030,1013
74,1014
200,1014
424,1014
530,1014
597,1014
721,1014
835,1014
883,1014
995,1014
77,1015
162,1015
224,1015
344,1015
375,1015
618,1015
667,1015
785,1015
908,1015
1010,1015
50,1016
218,1016
358,1016
378,1016
420,1016
568,1016
579,1016
626,1016
704,1016
728,1016
743,1016
784,1016
788,1016
820,1016
830,1016
99,1017
167,1017
333,1017
630,1017
852,1017
859,1017
939,1017
967,1017
232,1018
286,1018
496,1018
530,1018
727,1018
159,1019
203,1019
289,1019
522,1019
580,1019
797,1019
811,1019
828,1019
985,1019
1029,1019
50,1020
134,1020
384,1020
461,1020
676,1020
705,1020
782,1020
847,1020
978,1020
985,1020
1027,1020
71,1021
74,1021
92,1021
272,1021
671,1021
909,1021
53,1022
159,1022
206,1022
329,1022
612,1022
637,1022
682,1022
757,1022
845,1022
931,1022
1020,1022
203,1023
331,1023
393,1023
442,1023
459,1023
559,1023
570,1023
836,1023
887,1023
888,1023
913,1023
956,1023
232,1024
333,1024
430,1024
445,1024
716,1024
832,1024
995,1024
1005,1024
300,1025
380,1025
490,1025
596,1025
632,1025
643,1025
65,1026
189,1026
548,1026
677,1026
725,1026
729,1026
815,1026
1010,1026
219,1027
246,1027
360,1027
385,1027
533,1027
670,1027
857,1027
862,1027
896,1027
982,1027
208,1028
279,1028
336,1028
397,1028
401,1028
405,1028
441,1028
458,1028
520,1028
562,1028
67,1029
87,1029
107,1029
150,1029
157,1029
244,1029
298,1029
311,1029
393,1029
422,1029
457,1029
529,1029
540,1029
596,1029
711,1029
55,1030
218,1030
246,1030
276,1030
480,1030
513,1030
680,1030
691,1030
725,1030
933,1030
67,1031
153,1031
209,1031
226,1031
245,1031
327,1031
562,1031
596,1031
703,1031
717,1031
723,1031
771,1031
776,1031
853,1031
916,1031
990,1031
195,1032
199,1032
309,1032
370,1032
571,1032
628,1032
705,1032
843,1032
924,1032
1023,1032
1028,1032
64,1033
268,1033
269,1033
368,1033
446,1033
501,1033
809,1033
260,1034
324,1034
396,1034
471,1034
572,1034
690,1034
798,1034
927,1034
938,1034
125,1035
140,1035
144,1035
201,1035
370,1035
400,1035
480,1035
520,1035
664,1035
817,1035
883,1035
910,1035
258,1036
313,1036
351,1036
397,1036
555,1036
759,1036
887,1036
1013,1036
65,1037
109,1037
168,1037
283,1037
568,1037
824,1037
979,1037
998,1037
114,1038
145,1038
237,1038
259,1038
322,1038
349,1038
384,1038
394,1038
684,1038
827,1038
948,1038
971,1038
1040,1038
105,1039
226,1039
263,1039
456,1039
583,1039
706,1039
777,1039
779,1039
811,1039
835,1039
1009,1039
143,1040
215,1040
429,1040
431,1040
605,1040
843,1040
1017,1040
357,1041
398,1041
562,1041
733,1041
826,1041
870,1041
219,1042
402,1042
625,1042
751,1042
883,1042
55,1043
146,1043
260,1043
309,1043
314,1043
445,1043
521,1043
571,1043
573,1043
741,1043
807,1043
835,1043
860,1043
864,1043
912,1043
950,1043
964,1043
1016,1043
210,1044
222,1044
257,1044
359,1044
472,1044
640,1044
655,1044
680,1044
700,1044
742,1044
806,1044
862,1044
1015,1044
