dossier_id,a_dossier_id
75,45
285,45
363,45
728,45
52,46
679,46
240,47
563,47
604,47
77,48
211,48
506,48
685,48
688,48
761,48
113,49
273,49
275,49
1035,49
513,50
693,50
784,50
955,50
403,51
538,51
920,51
222,52
534,52
809,52
955,52
978,52
227,53
254,53
629,53
920,53
966,53
1034,53
94,54
228,54
421,54
475,54
785,54
72,55
73,55
224,55
342,55
734,55
810,55
47,56
229,56
319,56
611,56
699,56
824,56
854,56
1040,56
82,57
324,57
438,57
697,57
790,57
225,58
245,58
360,58
560,58
813,58
426,59
875,59
1029,59
107,60
424,60
605,60
922,60
813,61
56,62
167,62
273,62
288,62
448,62
499,62
641,62
677,62
719,62
781,62
803,62
817,62
818,62
900,62
986,63
142,64
923,64
342,65
350,65
718,65
56,66
99,66
223,66
312,66
594,66
665,66
929,66
942,66
968,66
356,67
864,67
995,67
888,68
973,68
202,69
443,69
563,69
745,69
955,69
1026,69
325,70
401,70
517,70
710,70
944,70
974,70
181,71
322,71
432,71
557,71
603,71
637,71
821,71
328,72
244,73
310,73
654,73
759,73
294,74
403,74
771,74
841,74
927,74
105,75
370,75
385,75
526,75
666,75
130,76
396,76
400,76
896,76
934,76
426,77
536,77
674,77
717,77
849,77
1020,77
236,78
851,79
186,80
371,80
546,80
593,80
805,80
911,80
541,81
636,81
873,81
1017,81
133,82
409,82
613,82
803,82
891,82
171,83
321,83
425,83
539,83
639,83
778,83
880,83
934,83
165,84
155,85
199,85
384,85
1002,85
1022,85
93,86
159,86
228,86
526,86
651,86
704,86
876,86
153,87
241,87
276,87
365,87
431,87
456,87
510,87
608,87
706,87
712,87
803,87
911,87
959,87
401,88
709,88
767,88
252,89
326,89
363,89
492,89
662,89
834,89
321,90
419,90
798,90
380,91
692,91
841,91
543,92
685,92
863,92
917,92
929,92
60,93
135,93
309,93
346,93
390,93
426,93
520,93
754,93
780,93
947,93
103,94
150,94
199,94
441,94
712,94
847,94
221,95
382,95
400,95
457,95
539,95
544,95
705,95
734,95
929,95
998,95
1001,95
1038,95
393,96
612,96
853,96
1017,96
75,97
226,97
313,97
571,97
687,97
86,98
269,98
477,98
491,98
542,98
842,98
1042,98
162,99
242,99
358,99
613,99
681,99
863,99
260,100
396,100
420,100
503,100
710,100
876,100
976,100
211,101
454,101
645,101
647,101
472,102
750,102
797,102
852,102
151,103
163,103
640,103
104,104
202,104
864,104
919,104
139,105
286,105
1014,105
126,106
176,106
407,106
609,106
705,106
294,107
455,107
923,107
999,107
123,108
372,108
514,108
733,108
942,108
971,108
994,108
257,109
337,109
425,109
450,109
562,109
698,109
716,109
777,109
787,109
845,109
570,110
669,110
756,110
844,110
951,110
110,111
553,111
613,111
955,111
528,112
544,112
650,112
694,112
890,112
943,112
63,113
70,113
237,113
600,113
97,114
135,114
554,114
588,114
986,114
70,115
311,115
704,115
732,115
836,115
1016,115
59,116
137,116
334,116
430,116
488,116
514,116
567,116
671,116
1020,116
221,117
227,117
252,118
443,118
509,118
904,118
72,119
127,119
226,119
672,119
71,120
779,120
818,120
863,120
893,120
1017,120
90,121
493,121
519,121
532,121
838,121
957,121
69,122
90,122
658,122
680,122
819,122
140,123
227,123
310,123
574,123
606,123
639,123
701,123
878,123
408,124
440,124
556,124
55,125
77,125
146,125
402,125
466,125
510,125
710,125
854,125
131,126
135,126
487,126
1011,126
290,127
631,127
888,127
1019,127
1025,127
45,128
81,128
130,128
362,128
398,128
443,128
476,128
892,128
362,129
367,129
528,129
579,129
608,129
626,129
654,129
666,129
705,129
781,129
1026,129
143,130
171,130
177,130
323,130
350,130
378,130
538,130
676,130
729,130
761,130
943,130
51,131
372,131
380,131
869,131
53,132
585,132
775,132
56,133
392,133
430,133
456,133
586,133
590,133
696,133
827,133
828,133
895,133
365,134
88,135
152,135
570,135
735,135
738,135
890,135
191,136
431,136
971,136
227,137
403,137
419,137
442,137
671,137
162,138
727,138
748,138
880,138
990,138
328,139
358,139
460,139
748,139
1040,139
259,140
333,140
157,141
667,141
943,141
984,141
1044,141
464,142
667,142
852,142
868,142
156,143
368,143
594,143
626,143
200,144
494,145
527,145
795,145
931,145
1035,145
392,146
587,146
93,147
120,147
684,147
756,147
815,147
849,147
952,147
118,148
250,148
476,148
547,148
778,148
820,148
825,148
264,149
646,149
749,149
808,149
821,149
169,150
892,150
999,150
292,151
368,151
710,151
785,151
910,151
980,151
171,152
216,152
789,152
144,153
192,153
201,153
300,153
821,153
984,153
1013,154
431,155
456,155
606,155
969,155
990,155
136,156
164,156
262,156
263,156
429,156
923,156
960,156
416,157
423,157
656,157
371,158
443,158
487,158
684,158
1036,158
267,159
340,159
645,159
833,159
1028,159
636,160
866,160
143,161
237,161
318,161
355,162
410,162
411,162
486,162
665,162
564,163
728,163
812,163
597,164
648,164
915,164
933,164
105,165
331,165
820,165
116,166
222,166
337,166
359,166
419,166
525,166
686,166
802,166
876,166
905,166
221,167
464,167
670,167
804,167
388,168
531,168
808,168
1031,168
154,169
360,169
477,169
888,169
964,169
987,169
127,170
199,170
324,170
423,170
427,170
677,170
684,170
919,170
81,171
219,171
222,171
450,171
504,171
996,171
361,172
552,172
660,172
809,172
837,172
113,173
141,173
364,173
447,173
598,174
687,174
797,174
384,175
392,175
448,175
715,175
867,175
1033,175
164,176
251,176
294,176
352,176
491,176
514,176
699,176
844,176
873,176
1015,176
53,177
112,177
293,177
880,177
104,178
440,178
772,178
777,178
365,179
435,179
566,179
573,179
694,179
902,179
275,180
353,180
354,180
376,180
496,180
587,180
624,180
957,180
146,181
294,181
187,182
403,182
410,182
462,182
501,182
577,182
720,182
845,182
144,183
176,183
232,183
233,183
526,183
682,183
48,184
117,184
295,184
345,184
557,184
599,184
721,184
447,185
869,185
921,185
978,185
281,186
506,186
984,186
231,187
298,187
336,187
429,187
740,187
816,187
76,188
85,188
401,188
674,188
718,189
838,189
852,189
956,189
994,189
93,190
321,190
815,190
893,190
194,191
379,191
450,191
811,191
307,192
529,192
965,192
995,192
588,193
989,193
69,194
618,194
818,194
850,194
937,194
161,195
239,195
282,195
423,195
601,195
760,195
90,196
128,196
500,196
758,196
963,196
998,196
307,197
354,197
440,197
459,197
531,197
75,198
130,198
321,198
378,198
534,198
590,198
129,199
232,199
308,199
362,199
541,199
794,199
925,199
955,199
887,200
257,201
379,201
402,201
667,201
767,201
64,202
528,202
548,202
695,202
915,202
394,203
418,203
573,203
693,203
804,203
974,203
191,204
233,204
891,204
234,205
247,205
545,205
572,205
602,205
620,205
762,205
76,206
92,206
451,206
901,206
990,206
280,207
282,207
419,207
433,207
516,207
771,207
274,208
550,208
735,208
1024,208
167,209
205,209
220,209
223,209
369,209
737,209
132,210
163,210
169,210
245,210
258,210
358,210
85,211
217,211
436,211
868,211
931,212
982,212
493,213
547,213
584,213
670,213
767,213
59,214
81,214
220,214
313,214
414,214
662,214
711,214
786,214
901,214
74,215
690,215
839,215
1006,215
352,216
364,216
401,216
518,216
789,216
135,217
181,217
201,217
363,217
629,217
979,217
103,218
144,218
379,218
449,218
920,218
182,219
246,219
255,219
323,219
409,219
683,219
920,219
403,220
105,221
478,221
771,221
1044,221
88,222
221,222
463,222
599,222
639,222
702,222
882,222
106,223
639,223
203,224
328,224
344,224
347,224
506,224
604,224
626,224
199,225
546,225
561,225
914,225
1032,225
302,226
396,226
405,226
628,226
729,226
770,226
776,226
958,226
240,227
289,227
720,227
184,228
537,228
594,228
612,228
857,228
859,228
884,228
910,228
151,229
282,229
315,229
414,229
464,229
556,229
578,229
874,229
991,229
757,230
114,231
546,231
674,231
792,231
831,231
982,231
1042,231
131,232
285,232
324,232
331,232
720,232
761,232
284,233
326,233
449,233
468,233
824,233
900,233
965,233
1040,233
263,234
370,234
752,234
763,234
774,234
827,234
900,234
917,234
218,235
533,235
993,235
1021,235
102,236
390,236
47,237
205,237
358,237
416,237
453,237
766,237
938,237
972,237
130,238
346,238
358,238
604,238
818,238
68,239
352,239
905,239
478,240
571,240
599,240
964,240
375,241
684,241
384,242
525,242
981,242
992,242
1043,242
612,243
652,243
322,244
349,244
662,244
936,244
161,245
403,245
515,245
793,245
829,245
309,246
322,246
345,246
501,246
549,246
621,246
62,247
89,247
536,247
248,248
402,248
463,248
519,248
580,248
686,248
990,248
992,248
148,249
770,249
1013,249
965,250
105,251
312,251
113,252
218,252
438,252
556,252
714,252
773,252
1001,252
193,253
226,253
509,253
691,253
753,253
145,254
478,254
618,254
711,254
816,254
94,255
561,255
733,255
907,255
971,255
1029,255
214,256
535,256
658,256
744,256
1038,256
72,257
119,257
203,257
370,257
545,257
881,257
197,258
270,258
693,258
999,258
112,260
132,260
514,260
587,260
686,260
850,260
137,261
229,261
456,261
635,261
728,261
917,261
1005,261
637,262
736,262
870,262
467,263
592,263
645,263
672,263
839,263
972,263
1006,263
110,264
963,264
88,265
130,265
501,265
586,265
85,266
141,266
320,266
351,266
495,266
514,266
829,266
303,267
773,267
787,267
970,267
663,268
742,268
230,269
586,269
739,269
919,269
651,270
903,270
605,271
662,271
782,271
791,271
1041,271
488,272
506,272
598,272
707,272
778,272
945,272
317,273
415,273
456,273
124,274
255,274
272,274
307,274
452,274
509,274
578,274
587,274
806,274
932,274
991,274
579,275
608,275
773,275
987,275
387,276
459,276
489,276
521,276
754,276
821,276
912,276
971,276
483,277
539,277
622,277
726,277
831,277
832,277
967,277
979,277
519,278
735,278
906,278
73,279
626,279
171,280
240,280
441,280
450,280
743,280
75,281
449,281
123,282
741,282
978,282
65,283
94,283
433,283
621,283
788,283
895,283
256,284
686,284
873,284
952,284
997,284
83,285
718,285
766,285
981,285
1007,285
351,286
358,286
496,286
641,286
722,286
799,286
977,286
489,287
638,287
748,287
812,287
892,287
362,288
512,288
703,289
786,289
831,289
1020,289
115,290
738,290
98,291
250,291
278,291
603,291
630,291
812,291
928,291
947,291
223,292
471,292
873,292
932,292
976,292
309,293
323,293
647,293
668,293
925,293
164,294
219,294
256,294
257,294
975,294
129,295
583,295
761,295
872,295
1029,295
399,296
508,296
648,296
665,296
809,296
244,297
309,297
526,297
662,297
959,297
963,297
101,298
192,298
279,298
338,298
354,298
398,298
424,298
589,298
591,298
637,298
864,298
1000,298
264,299
363,299
678,299
771,299
777,299
800,299
164,300
208,300
214,300
386,300
454,300
547,300
586,300
669,300
108,301
123,301
208,301
374,301
717,301
743,301
807,301
117,302
205,302
282,302
290,302
322,302
491,302
570,302
714,302
724,302
781,302
865,302
215,303
480,303
555,303
825,303
94,304
339,304
619,304
830,304
960,304
279,305
706,305
59,306
393,306
545,306
849,306
132,307
735,307
405,308
596,308
664,308
53,309
158,309
332,309
517,309
531,309
666,309
708,309
789,309
840,309
179,310
205,310
228,310
523,310
861,310
881,310
251,311
418,311
440,311
509,311
989,311
114,312
390,312
541,312
623,312
652,312
684,312
912,312
609,313
891,313
265,314
487,314
678,314
766,314
966,314
234,315
354,315
417,315
448,315
770,315
828,315
902,315
929,315
1040,315
480,316
633,316
711,316
724,316
803,316
61,317
523,317
576,317
875,317
1036,317
264,318
795,318
802,318
1024,318
69,319
99,319
200,319
240,319
278,319
598,319
773,319
449,320
693,320
988,320
1023,320
1027,320
93,321
190,321
824,321
885,321
937,321
1001,321
259,322
488,322
557,322
604,322
705,322
734,322
768,322
815,322
141,323
853,323
1013,323
180,324
182,324
214,324
393,324
831,324
975,324
51,325
118,325
580,325
987,325
999,325
134,326
435,326
459,326
502,326
1006,326
144,327
328,327
440,327
556,327
643,327
706,327
754,327
103,328
570,328
577,328
92,329
248,329
586,329
590,329
601,329
809,329
938,329
1005,329
295,330
710,330
814,330
837,330
912,330
913,330
532,331
760,331
772,331
971,331
506,332
619,332
700,332
934,332
963,332
64,333
99,333
118,333
167,333
361,333
373,333
726,333
828,333
226,334
490,334
62,335
459,335
648,335
559,336
566,336
751,336
787,336
863,336
954,336
229,337
304,337
410,337
612,337
237,338
240,338
556,338
560,338
614,338
709,338
857,338
293,339
355,339
375,339
851,339
202,340
223,340
401,340
82,341
707,341
849,341
1001,341
266,342
534,342
709,342
927,342
949,342
198,343
208,343
212,343
696,343
729,343
894,343
936,343
50,344
106,344
136,344
466,344
971,344
990,344
1039,344
230,345
539,345
689,345
814,345
934,345
275,346
394,346
416,346
580,346
785,346
1006,346
81,347
111,347
128,347
257,347
543,347
908,347
227,348
433,348
513,348
712,348
955,348
1027,348
285,349
480,349
597,349
890,349
245,350
476,350
477,350
885,350
201,351
261,351
502,351
786,351
75,352
79,352
237,352
400,352
715,352
889,352
942,352
975,352
60,353
623,353
740,353
822,353
987,353
139,354
256,354
552,354
794,354
891,354
90,355
257,355
381,355
416,355
625,355
826,355
962,355
963,355
1026,355
140,356
270,356
305,356
480,356
552,356
564,356
578,356
791,356
126,357
293,357
710,357
85,358
477,358
170,359
185,359
295,359
574,359
630,359
831,359
206,360
343,360
683,360
885,360
335,361
477,361
1003,361
112,362
131,362
214,362
502,362
1008,362
163,363
223,363
344,363
442,363
553,363
744,363
1002,363
159,364
510,364
513,364
589,364
991,364
51,365
441,365
128,366
368,366
524,366
654,366
170,367
436,367
467,367
560,367
594,367
648,367
661,367
662,367
764,367
840,367
992,367
103,368
247,368
317,368
483,368
522,368
927,368
189,369
502,369
548,369
577,369
962,369
45,370
308,370
349,370
575,370
662,370
683,370
684,370
1032,370
522,371
880,371
157,372
465,372
514,372
532,372
643,372
704,372
889,372
972,372
229,373
405,373
424,373
644,373
681,373
1029,373
438,374
462,374
677,374
682,374
765,374
345,375
78,376
194,376
320,376
474,376
594,376
691,376
766,376
795,376
961,376
307,377
314,377
466,377
927,377
1001,377
1023,377
221,379
448,379
471,379
772,379
923,379
934,379
1042,379
51,380
159,380
448,380
581,380
638,380
700,380
65,381
111,381
311,381
410,381
497,381
856,381
912,381
128,382
139,382
224,382
295,382
933,382
149,383
237,383
240,383
489,383
696,383
781,383
317,384
487,384
598,384
954,384
1002,384
97,385
966,385
64,386
145,386
349,386
449,386
892,386
167,387
169,387
256,387
486,387
978,387
283,388
438,388
938,388
1003,388
1029,388
173,389
204,389
426,389
745,389
832,389
83,390
159,390
223,390
302,390
341,390
364,390
377,390
471,390
542,390
681,390
699,390
728,390
819,390
916,390
250,391
337,391
825,391
856,391
969,391
391,392
449,392
525,392
969,392
1021,392
275,393
345,393
917,393
52,394
197,394
219,394
863,394
242,395
839,395
498,396
882,396
324,397
373,397
660,397
860,397
1015,397
309,398
425,398
273,399
389,399
577,399
430,400
436,400
444,400
454,400
463,400
516,400
613,400
731,400
814,400
1034,400
78,401
114,401
153,401
164,401
394,401
405,401
408,401
448,401
591,401
621,401
692,401
790,401
835,401
844,401
884,401
271,402
378,402
420,402
690,402
832,402
893,402
968,402
1024,402
340,403
381,403
388,403
465,403
612,403
659,403
826,403
922,403
1031,403
346,404
397,404
534,404
998,404
1038,404
65,405
310,405
510,405
768,405
848,405
879,405
904,405
926,405
125,406
739,406
873,406
887,406
173,407
210,407
274,407
514,407
612,407
787,407
826,407
1015,407
301,408
438,408
503,408
160,409
229,409
707,409
574,410
47,411
210,411
222,411
375,411
831,411
930,411
995,411
402,412
418,412
442,412
897,412
966,412
155,413
408,413
534,413
744,413
815,413
152,414
282,414
408,414
495,414
583,414
609,414
63,415
264,415
418,415
827,415
165,416
245,417
336,417
416,417
453,417
465,417
466,417
704,417
732,417
814,417
900,417
932,417
326,418
475,418
754,418
835,418
421,419
438,419
657,419
949,419
286,420
391,420
426,420
821,420
100,421
105,421
508,421
723,421
770,421
782,421
452,422
569,422
589,422
113,423
235,423
300,423
375,423
785,423
806,423
832,423
928,423
192,424
323,424
667,424
770,424
912,424
670,425
947,425
47,426
48,426
177,426
178,426
435,426
719,426
879,426
193,427
496,427
1013,427
1027,427
228,429
595,429
959,429
1011,429
227,430
316,430
516,430
577,430
639,430
69,431
659,431
914,431
256,432
445,432
795,432
94,433
122,433
297,433
658,433
171,434
503,434
980,434
140,435
261,435
551,435
920,435
1010,435
313,436
702,436
908,436
1027,436
261,437
768,437
609,438
764,438
917,438
943,438
105,439
264,439
373,439
446,439
531,439
570,439
682,439
707,439
808,439
903,439
254,440
347,440
413,440
848,440
898,440
140,441
240,441
637,441
973,441
644,442
992,442
336,443
340,443
348,443
470,443
1019,443
395,444
399,444
707,444
198,445
646,445
302,446
513,446
575,446
585,446
586,446
715,446
781,446
72,447
102,447
116,447
121,447
182,447
208,447
250,447
314,447
457,447
537,447
891,447
391,448
723,448
867,448
113,449
206,449
242,449
748,449
768,449
949,449
1044,449
128,450
196,450
459,450
720,450
1031,450
223,451
663,451
714,451
737,451
885,451
948,451
186,452
291,452
556,452
1044,452
193,453
365,453
451,453
655,453
677,453
684,453
714,453
866,453
216,454
334,454
384,454
412,454
477,454
677,454
865,454
119,455
135,455
252,455
584,455
97,456
496,456
613,456
955,456
755,457
944,457
178,458
252,458
502,458
641,458
681,458
954,458
70,459
282,459
524,459
577,459
190,460
206,460
291,460
435,460
756,461
780,461
828,461
909,461
127,462
731,462
706,463
736,463
823,463
981,463
1026,463
311,464
313,464
384,464
483,464
860,464
946,464
183,465
225,465
260,465
443,465
448,465
466,465
505,465
508,465
538,465
963,465
371,466
476,466
600,466
762,466
801,466
842,466
864,466
914,466
150,467
334,467
473,467
505,467
157,468
618,468
735,468
202,469
523,469
557,469
758,469
220,470
455,470
854,470
977,470
1021,470
92,471
293,471
380,471
826,471
899,471
1025,471
289,472
291,472
618,472
738,472
895,472
321,473
394,473
675,473
857,473
897,473
1004,473
68,474
334,474
498,474
581,474
1014,474
160,475
597,475
678,475
714,475
965,475
971,475
276,476
582,476
635,476
762,476
84,477
291,477
367,477
488,477
885,477
178,478
317,478
321,478
405,478
455,478
787,478
80,479
426,479
435,479
557,479
888,479
117,480
229,480
627,480
1008,480
493,481
321,482
534,482
565,482
487,483
711,483
723,483
228,484
166,485
209,485
502,485
52,486
160,486
164,486
199,486
224,486
300,486
301,486
379,486
386,486
54,487
509,487
583,487
629,487
740,487
904,487
844,488
151,489
399,489
464,489
994,489
115,490
163,490
213,490
430,490
433,490
526,490
739,490
96,491
106,491
183,491
805,491
853,491
905,491
304,492
631,492
660,492
1019,492
526,493
684,493
965,493
1023,493
193,494
258,494
618,495
696,495
767,495
847,495
885,495
888,495
289,496
367,496
916,496
923,496
348,497
372,497
800,497
917,497
174,498
626,498
763,498
254,499
379,499
585,499
614,499
865,499
296,500
363,500
414,500
467,500
706,500
737,500
482,501
578,501
592,501
629,501
46,502
623,502
721,502
934,502
750,503
757,503
784,503
875,503
972,503
121,504
460,504
805,504
156,505
110,506
496,506
812,506
916,506
466,507
685,507
870,507
913,507
90,508
499,508
504,508
516,508
208,509
216,509
465,509
652,509
728,509
824,509
1006,509
322,510
925,510
131,511
178,511
381,511
596,511
706,511
969,511
989,511
90,512
190,512
316,512
502,512
530,512
657,512
910,512
47,513
62,513
166,513
542,513
568,513
845,513
116,514
230,514
390,514
411,514
932,514
484,515
559,515
657,515
867,515
1031,515
192,516
348,516
811,516
846,516
91,517
166,517
292,517
370,517
418,517
747,517
834,517
845,517
123,518
448,518
202,519
354,519
474,519
498,519
624,519
720,519
904,519
630,520
796,520
1024,520
539,521
567,521
589,521
684,521
264,522
270,522
306,522
561,522
310,523
469,523
887,523
1012,523
1035,523
103,524
482,524
66,525
162,525
339,525
235,526
329,526
573,526
724,526
446,527
503,527
525,527
777,527
802,527
117,528
202,528
299,528
383,528
561,528
656,528
913,528
911,529
375,530
460,530
495,530
593,530
664,530
739,530
113,531
263,531
271,531
709,531
712,531
816,531
308,532
627,532
649,532
766,532
960,532
963,532
223,533
329,533
389,533
395,533
733,533
815,533
830,533
46,534
107,534
620,534
324,535
391,535
429,535
645,535
937,535
405,536
477,536
593,536
694,536
734,536
768,536
818,536
935,536
951,536
965,536
1001,536
662,537
939,537
962,537
987,537
998,538
555,539
1019,539
83,540
557,540
629,540
766,540
780,540
834,540
882,540
74,541
423,541
583,541
691,541
845,541
952,541
1028,541
484,542
541,542
646,542
680,542
730,542
751,542
865,542
966,542
998,542
97,543
509,543
199,544
367,544
391,544
678,544
859,544
45,545
279,545
550,545
634,545
665,545
919,545
950,545
969,545
483,546
653,546
122,547
205,547
269,547
586,547
599,547
615,547
634,548
763,548
212,549
952,549
68,550
195,550
255,550
481,550
844,550
187,551
203,551
231,551
387,551
443,551
469,551
687,551
798,551
799,551
877,551
975,551
988,551
487,552
616,552
894,552
1022,552
62,553
284,553
717,553
728,553
783,553
495,554
590,554
750,554
789,554
887,554
896,554
916,554
524,555
777,555
960,555
1003,555
193,556
276,556
462,556
617,556
708,556
1017,556
595,557
712,557
751,557
59,558
224,558
250,558
449,558
771,558
980,558
134,559
151,559
402,559
421,559
536,559
650,559
1008,559
373,560
457,560
553,560
617,560
618,560
808,561
923,561
350,562
744,562
1038,562
207,563
260,563
308,563
672,563
753,563
816,563
892,563
985,563
376,564
431,564
578,564
736,564
814,564
257,565
315,565
634,566
807,566
849,566
893,566
799,567
895,567
912,567
947,567
978,567
83,568
432,568
522,568
537,568
114,569
325,569
413,569
598,569
834,569
862,569
96,570
227,570
474,570
1036,570
98,571
248,571
700,571
713,571
777,571
318,572
515,572
744,572
803,572
241,573
518,573
581,573
695,573
779,573
911,573
932,573
990,573
212,574
214,574
398,574
449,574
829,574
913,574
1025,574
110,575
165,575
170,575
303,575
1036,575
133,576
225,576
289,576
347,576
464,576
656,576
761,576
304,577
394,577
578,577
762,577
792,577
796,577
103,578
331,578
336,578
428,578
657,578
671,578
816,578
845,578
373,579
472,579
870,579
1007,579
71,580
114,580
410,580
519,580
692,580
773,580
122,581
155,581
382,581
521,581
522,581
585,581
211,582
351,582
507,582
600,582
163,583
634,583
795,583
272,584
405,584
666,584
878,584
315,585
420,585
562,585
801,585
958,585
999,585
254,586
681,586
929,586
942,586
999,586
342,587
911,587
1003,587
1015,587
118,588
818,588
92,589
224,589
519,589
601,589
1005,589
294,590
307,590
532,590
1011,590
84,591
250,591
300,591
368,591
458,591
112,592
204,592
230,592
477,592
498,592
684,592
881,592
914,592
259,593
300,593
613,593
822,593
950,593
113,594
137,594
295,594
580,594
721,594
961,594
962,594
140,595
379,595
413,595
466,595
671,595
900,595
196,596
675,596
911,596
595,597
47,598
500,598
516,598
874,598
1024,598
1025,598
83,599
264,599
296,599
313,599
482,599
530,599
716,599
1008,599
106,600
420,600
837,600
874,600
994,600
1044,600
151,601
219,601
252,601
387,601
430,601
493,601
507,601
539,601
783,601
900,601
967,601
1019,601
262,602
325,602
350,602
383,602
463,602
541,602
712,602
466,603
748,603
751,603
396,604
807,604
74,605
271,605
381,605
776,605
658,606
777,606
146,607
256,607
533,607
668,607
399,608
446,608
952,608
118,609
198,609
256,609
280,609
508,609
603,609
628,609
650,609
982,609
1004,609
1034,609
155,610
229,610
304,610
537,610
426,611
534,611
559,611
651,611
782,611
830,611
869,611
204,612
65,613
220,613
675,613
696,613
901,613
914,613
585,614
976,614
371,615
573,615
729,615
846,615
363,616
892,616
414,617
551,617
261,618
315,618
455,618
573,618
610,618
836,618
866,618
881,618
175,619
708,619
717,619
868,619
197,620
275,620
311,620
485,620
98,621
129,621
180,621
532,621
590,621
697,621
925,621
297,622
351,622
459,622
485,622
743,622
800,622
145,623
178,623
181,623
192,623
460,623
463,623
579,623
708,623
820,623
853,623
897,623
144,624
448,624
789,624
888,624
972,624
251,625
321,625
511,625
772,625
789,625
886,625
1026,625
1044,625
326,626
381,626
423,626
824,626
949,626
144,627
230,627
493,627
601,627
524,628
714,628
956,628
105,629
185,629
383,629
487,629
503,629
531,629
592,629
635,629
677,629
838,629
985,629
168,630
464,630
709,630
539,631
569,631
877,631
1008,631
291,632
772,632
773,632
776,632
879,632
1007,632
661,633
973,633
292,634
417,634
764,634
956,634
161,635
465,635
599,635
916,635
175,636
192,636
316,636
335,636
375,636
381,636
511,636
642,636
773,636
825,636
918,636
170,637
272,637
284,637
297,637
342,637
526,637
759,637
801,637
317,638
939,638
77,639
189,639
551,639
639,639
749,639
811,639
867,639
135,640
263,640
711,640
81,641
544,641
572,641
785,641
796,641
917,641
936,641
71,642
251,642
543,642
601,642
676,642
803,642
1009,642
239,643
339,643
424,643
720,643
734,643
347,644
425,644
435,644
609,644
1009,644
1018,644
86,645
254,645
324,645
108,646
278,646
279,646
551,646
668,646
723,646
939,646
441,647
496,647
643,647
670,647
748,647
941,647
945,647
1039,647
376,648
540,648
638,648
897,648
926,648
1003,648
52,649
314,649
598,649
644,649
751,649
789,649
881,649
1039,649
324,650
565,650
570,650
648,650
741,650
786,650
146,651
207,651
219,651
266,651
493,651
754,651
918,651
1022,651
1033,651
55,652
252,652
605,652
979,652
1004,652
1011,652
379,653
547,653
934,653
439,654
554,654
636,654
734,654
835,654
956,654
274,655
805,655
959,655
431,656
683,656
834,656
72,657
113,657
131,657
137,657
391,657
476,657
525,657
673,657
878,657
907,657
190,658
206,658
422,658
480,658
947,658
384,659
716,659
860,659
414,660
694,660
877,660
1007,660
255,661
420,661
584,661
735,661
235,662
796,662
1024,662
74,663
363,663
384,663
407,663
504,663
749,664
891,664
132,665
272,665
432,665
588,665
1006,665
73,666
114,666
124,666
392,666
50,667
341,667
77,668
158,668
866,668
1027,668
91,669
287,669
428,669
497,669
514,669
663,669
901,669
994,669
65,670
91,671
244,671
271,671
473,671
615,671
630,671
741,671
886,671
1001,671
1024,671
1041,671
61,672
256,672
471,672
560,673
649,673
868,673
997,673
324,674
653,674
683,674
746,674
753,674
828,674
905,674
1016,674
1022,674
397,675
565,675
573,675
748,675
1004,675
273,676
322,676
542,676
518,677
529,677
748,677
774,677
871,677
918,677
259,678
480,678
620,678
683,678
725,678
211,679
830,679
269,680
330,680
464,680
541,680
720,680
725,680
885,680
1036,680
1038,680
862,681
212,682
240,682
346,682
715,682
850,682
132,683
250,683
282,683
456,683
540,683
591,683
808,683
880,683
254,684
294,684
359,684
378,684
504,684
593,684
760,684
821,684
870,684
896,684
891,685
905,685
91,686
652,686
801,686
299,687
612,687
591,688
703,688
941,688
119,689
336,689
656,689
931,689
91,690
160,690
408,690
482,690
499,690
579,690
615,690
82,691
699,691
893,691
895,691
924,691
933,691
948,691
148,692
204,692
271,692
300,692
501,692
594,692
670,692
826,692
193,693
587,693
66,694
162,694
297,694
858,694
909,694
104,695
244,695
347,695
599,695
644,695
648,695
898,695
304,696
377,696
510,696
682,696
254,697
283,697
873,697
918,697
52,698
131,698
177,698
509,698
800,698
828,698
111,699
566,699
756,699
935,699
127,700
151,700
628,700
695,700
953,700
291,701
503,701
608,701
778,701
136,702
141,702
199,702
1042,702
85,703
460,703
542,703
1003,703
1016,703
146,704
691,704
854,704
871,704
144,705
398,705
526,705
569,705
713,705
937,705
940,705
48,706
462,706
557,706
563,706
881,706
152,707
228,707
519,707
734,707
755,707
852,707
936,708
205,709
677,709
1015,709
236,710
425,710
624,710
162,711
370,711
771,711
953,711
295,712
394,712
607,712
714,712
1033,712
297,713
366,713
904,713
977,713
983,713
336,714
752,714
804,714
913,714
1034,714
167,715
307,715
573,715
999,715
1013,715
650,716
728,716
297,717
567,717
581,717
605,717
745,717
807,717
826,717
377,718
402,719
449,719
607,719
1035,719
495,720
794,720
278,721
325,721
362,721
821,721
841,721
986,721
247,722
262,722
406,722
899,722
1018,722
61,723
209,723
397,723
483,723
597,723
669,723
1022,723
74,724
259,724
452,724
941,724
246,725
309,725
441,725
508,725
568,725
263,726
413,726
545,726
810,726
922,726
164,727
195,727
230,727
317,727
364,727
423,727
746,727
814,727
81,728
210,728
280,728
375,728
575,728
621,728
717,728
781,728
57,729
105,729
558,729
562,729
77,730
709,730
949,730
969,730
1014,730
182,731
200,731
202,731
247,731
480,731
509,731
636,731
132,732
540,732
604,732
812,732
861,732
1042,732
133,733
218,733
240,733
427,733
805,733
859,733
877,733
77,734
187,734
286,734
525,734
598,734
770,734
982,734
157,735
201,735
243,735
566,735
363,736
523,736
586,736
643,736
1006,736
165,737
482,737
732,737
886,737
470,738
482,738
712,738
856,738
879,738
934,738
1022,738
417,739
610,739
807,739
873,739
108,740
227,740
700,740
850,740
381,741
665,741
667,741
816,741
111,742
266,742
537,742
538,742
572,742
602,742
638,742
242,743
527,743
656,743
660,743
691,743
842,743
944,743
1013,743
111,744
396,744
463,744
560,744
912,744
390,745
406,745
527,745
662,745
707,745
851,745
65,746
411,746
545,746
594,746
687,746
715,747
96,748
440,748
558,748
893,748
894,748
368,749
550,749
66,750
193,750
594,750
879,750
295,751
479,751
700,751
716,751
817,751
135,752
158,752
362,752
503,752
666,752
787,752
186,753
725,753
740,753
758,753
821,753
932,753
201,755
264,755
428,755
482,755
583,755
588,755
694,755
804,755
992,755
89,756
229,756
244,756
309,756
468,756
877,756
55,757
406,757
640,757
932,757
773,758
942,758
348,759
730,759
813,759
353,760
457,760
545,760
557,760
635,760
784,760
749,761
754,761
854,761
103,762
503,762
394,763
432,763
468,763
530,763
730,763
857,763
131,764
283,764
128,765
210,765
212,765
666,765
670,765
962,765
150,766
151,766
244,766
590,766
1000,766
287,767
893,767
988,767
93,768
112,768
211,768
255,768
344,768
425,768
745,768
807,768
106,769
321,769
432,769
785,769
654,770
989,770
993,770
475,771
574,771
713,771
324,772
446,772
713,772
108,773
141,773
782,773
1033,773
466,774
501,774
1018,774
1034,775
698,776
722,776
884,776
885,776
901,776
219,777
286,777
392,777
1022,777
410,778
629,778
538,779
618,779
917,779
154,780
297,780
365,780
742,780
834,780
197,781
333,781
761,781
882,781
927,781
987,781
209,782
378,782
567,782
759,782
878,782
260,783
570,783
756,783
910,783
329,784
601,784
651,784
746,784
979,784
78,785
422,785
536,785
542,785
412,786
609,786
623,786
764,786
950,786
203,787
270,787
271,787
657,787
765,787
354,788
482,788
164,789
222,789
225,789
895,789
899,789
1041,789
59,790
80,790
1013,790
289,791
394,791
546,791
590,791
780,791
49,792
501,792
682,792
683,792
725,792
974,792
1037,792
161,793
174,793
242,793
246,793
314,793
655,793
746,793
919,793
1019,793
1038,793
363,794
506,794
724,794
820,794
964,794
138,795
280,795
423,795
465,795
524,795
628,795
1023,795
140,796
294,796
379,796
512,796
959,796
83,797
181,797
301,797
469,797
335,798
404,798
255,799
450,799
479,799
563,799
775,799
236,800
237,800
307,800
871,800
336,801
687,801
732,801
785,801
1042,801
46,802
282,802
395,802
441,802
608,802
603,803
617,803
641,803
851,803
956,803
92,804
108,804
137,804
197,804
447,804
769,804
771,804
872,804
956,804
132,805
661,805
863,805
955,805
976,805
127,806
198,806
210,806
501,806
629,806
689,806
818,806
53,807
353,807
525,807
551,807
192,808
528,808
612,808
690,808
898,808
925,808
178,809
322,809
593,809
848,809
904,809
151,810
708,810
127,811
191,811
924,811
246,812
293,812
322,812
699,812
917,812
1037,812
244,813
803,813
908,813
111,814
310,814
639,814
675,814
750,814
850,814
170,815
456,815
523,815
205,816
409,816
872,816
283,817
521,817
548,817
1031,817
129,819
137,819
363,819
1044,819
533,820
561,820
725,820
803,820
50,821
450,821
591,821
650,821
303,822
359,822
625,822
688,822
818,822
882,822
1025,822
723,823
928,823
65,824
341,824
420,824
546,824
689,824
1039,824
201,825
229,825
991,825
1034,825
303,826
508,826
613,826
793,826
366,827
391,827
536,827
791,827
544,828
878,828
881,828
203,829
773,829
795,829
424,830
479,830
642,830
717,830
852,830
1014,830
91,831
717,831
752,831
930,831
990,831
1035,831
201,832
323,832
481,832
498,832
441,833
770,833
935,833
976,833
1022,833
562,834
636,834
904,834
94,835
118,835
520,835
690,835
763,835
880,835
961,835
962,835
100,836
115,836
239,836
366,836
405,836
572,836
620,836
713,836
832,836
986,836
193,837
358,837
497,837
510,837
816,837
835,837
882,837
69,838
122,838
170,838
230,838
282,838
406,838
662,838
819,838
949,838
103,839
332,839
605,839
618,839
669,839
811,839
962,839
1018,839
159,840
534,840
632,840
851,840
1031,840
498,841
499,841
531,841
686,841
1028,841
529,842
671,842
960,842
997,842
371,843
562,843
831,843
545,844
607,844
685,844
848,844
1025,844
485,845
568,845
694,845
695,845
884,845
952,845
97,846
345,846
349,846
522,846
1028,846
45,847
113,847
342,847
546,847
826,847
978,847
45,848
47,848
668,848
802,848
811,848
931,848
1005,848
225,849
784,849
917,849
503,850
620,850
1001,850
316,851
639,851
686,851
824,851
128,852
248,852
474,852
531,852
125,853
475,853
545,853
144,854
176,854
204,854
683,854
1044,854
289,855
612,855
664,855
823,855
916,855
925,855
985,855
243,856
509,856
718,856
835,856
271,858
632,858
1010,858
150,859
788,859
86,860
724,860
793,860
869,860
930,860
254,861
566,861
788,861
830,861
955,861
636,862
712,862
268,863
629,863
754,863
783,863
71,864
135,864
318,864
352,864
870,864
200,865
327,865
365,865
515,865
748,865
942,865
1036,865
552,866
948,866
75,867
269,867
352,867
413,867
474,867
534,867
665,867
779,867
890,867
140,868
230,868
565,868
603,868
655,868
735,868
767,868
847,868
1035,868
289,869
581,869
642,869
667,869
791,869
45,870
70,870
99,870
241,870
324,870
628,870
701,870
91,871
376,871
425,871
642,871
72,872
160,872
174,872
270,872
431,872
700,872
707,872
784,872
912,872
102,873
279,873
374,873
480,873
490,873
501,873
136,874
180,874
197,874
694,874
917,874
45,875
205,875
813,875
994,875
467,876
487,876
685,876
324,877
375,877
406,877
762,878
898,878
1021,878
291,879
484,879
563,879
642,879
649,879
778,879
798,879
846,879
434,880
669,880
251,881
323,881
412,881
673,881
931,881
976,881
122,882
135,882
235,882
371,882
519,882
1039,882
270,883
397,883
467,883
566,883
766,883
329,884
339,884
353,884
437,884
749,884
255,885
329,885
657,885
760,885
902,885
909,885
934,885
263,886
771,886
906,886
177,887
193,887
985,887
806,888
808,889
825,889
853,889
86,890
158,890
343,890
416,890
511,890
539,890
553,890
654,890
198,891
321,891
538,891
715,891
768,891
775,891
971,891
176,892
569,892
620,892
984,892
1035,892
352,893
430,893
449,893
451,893
655,893
865,893
609,894
768,894
973,894
1005,894
1012,894
75,895
202,895
459,895
543,895
573,895
642,895
804,895
837,895
1039,895
69,896
442,896
502,896
920,896
178,897
359,897
95,898
320,898
390,898
490,898
593,898
814,898
927,898
80,899
835,899
280,900
315,900
352,900
518,900
580,900
449,901
504,901
888,901
242,902
325,902
340,902
604,902
728,902
910,902
938,902
56,903
325,903
447,903
504,903
576,903
764,903
876,903
963,903
1016,903
1020,903
343,904
734,904
844,904
320,905
1026,905
539,906
911,906
950,906
1025,906
74,907
163,907
353,907
383,907
808,907
1024,907
100,908
222,908
522,908
874,908
1008,908
214,909
321,909
525,909
704,909
978,909
248,910
136,911
227,911
671,911
62,912
72,912
188,912
225,912
451,912
507,912
650,912
922,912
989,912
1018,912
1041,912
181,913
491,913
522,913
967,913
84,914
140,914
234,914
313,914
315,914
660,914
226,915
299,915
440,915
559,915
260,916
328,916
346,916
395,916
524,916
521,917
909,917
931,917
970,917
530,918
585,918
604,918
610,918
994,918
326,919
342,919
411,919
622,919
747,919
276,920
772,920
293,921
409,921
510,921
133,922
170,922
518,922
669,922
943,922
262,923
389,923
433,923
529,923
702,923
732,923
128,924
198,924
235,924
823,924
960,924
52,925
158,925
187,925
201,925
453,925
476,925
487,925
636,925
921,925
965,925
184,926
316,926
411,926
609,926
864,926
942,926
114,928
214,928
254,928
260,928
534,928
794,928
48,929
472,929
480,929
486,929
490,929
550,929
740,929
842,929
298,930
427,930
618,930
644,930
894,930
1041,930
501,931
628,931
730,931
203,932
366,932
382,932
679,932
748,932
177,933
347,933
480,933
491,933
511,933
551,933
183,934
265,934
593,934
702,934
100,935
217,935
686,935
903,935
226,936
330,936
368,936
682,936
851,936
856,936
861,936
192,937
439,937
946,937
950,937
64,938
431,938
849,938
600,939
86,940
227,940
312,940
461,940
633,940
777,940
852,940
937,940
942,940
232,941
262,941
435,941
544,941
598,941
881,941
923,941
963,941
658,942
692,942
810,942
858,942
341,943
570,943
742,943
781,943
877,943
57,944
128,944
231,944
423,944
757,944
832,944
946,944
1040,944
408,945
495,945
582,946
857,946
890,946
58,947
105,947
200,947
311,947
316,947
136,948
142,948
225,948
725,948
176,949
193,949
356,949
396,949
504,949
608,949
677,949
83,950
87,950
298,950
711,950
765,950
619,951
930,951
949,951
596,952
907,952
86,953
200,953
210,953
320,953
537,953
610,953
837,953
86,954
106,954
345,954
477,954
667,954
670,954
673,954
265,955
633,955
952,955
193,956
464,956
488,956
960,956
486,957
948,957
51,958
446,958
493,958
531,958
728,958
195,959
209,959
300,959
367,959
837,959
869,959
928,959
118,960
265,960
320,960
424,960
682,960
826,960
871,960
263,961
301,961
424,961
482,961
706,961
731,961
116,962
190,962
304,962
525,962
715,962
1013,962
495,963
716,963
965,963
57,964
407,964
561,964
754,964
790,964
1014,964
358,965
513,965
674,965
757,965
157,966
265,966
276,966
543,966
764,966
833,966
202,967
699,967
720,967
771,967
965,967
61,968
262,968
270,968
279,968
484,968
587,968
104,969
226,969
401,969
551,969
571,969
764,969
198,970
344,970
445,970
564,970
609,971
792,971
1037,971
229,972
314,972
465,972
109,973
181,973
590,973
792,973
910,973
57,974
186,974
455,974
806,974
992,974
506,975
665,975
829,975
970,975
975,975
127,976
164,976
492,976
560,976
599,976
922,976
930,976
980,976
242,977
504,977
832,977
220,978
324,978
684,978
766,978
849,978
948,978
954,978
146,979
818,979
904,979
435,980
163,981
540,981
1017,981
1023,981
294,982
378,982
483,982
518,982
660,982
862,982
988,982
456,983
479,983
602,983
821,983
879,983
270,984
281,984
429,984
433,984
515,984
1021,984
51,985
354,985
367,985
403,985
504,985
630,985
782,985
975,985
347,986
513,986
888,986
925,986
303,987
374,987
443,987
577,987
702,987
715,987
763,987
835,987
953,987
238,988
685,988
81,989
423,989
435,989
615,989
657,989
961,989
966,989
224,990
360,990
497,990
813,990
979,990
1007,990
1038,990
98,991
354,991
444,991
734,991
176,992
401,992
477,992
834,992
66,993
265,993
389,993
426,993
787,993
845,993
106,994
255,994
553,994
638,994
204,995
763,995
901,995
989,995
58,996
261,996
341,996
353,996
519,996
538,997
863,997
865,997
891,997
904,997
920,997
173,998
859,998
520,999
687,999
736,999
804,999
1037,999
149,1000
183,1000
457,1000
648,1000
727,1000
51,1001
484,1001
515,1001
536,1001
749,1001
637,1002
262,1003
372,1003
443,1003
500,1003
781,1003
118,1004
668,1004
694,1004
818,1004
279,1005
287,1005
817,1005
187,1006
353,1006
492,1006
554,1006
584,1006
592,1006
49,1007
192,1007
594,1007
948,1007
999,1007
585,1008
54,1009
66,1009
222,1009
596,1009
380,1010
538,1010
798,1010
806,1010
969,1010
89,1011
550,1011
585,1011
591,1011
745,1011
973,1011
1043,1011
225,1012
930,1012
116,1013
118,1013
188,1013
375,1013
650,1013
720,1013
944,1013
449,1014
584,1014
783,1014
516,1015
870,1015
102,1016
777,1016
973,1016
1008,1016
184,1017
705,1017
726,1017
923,1017
161,1018
202,1018
208,1018
306,1018
357,1018
650,1018
794,1018
824,1018
865,1018
940,1018
223,1019
797,1019
837,1019
894,1019
925,1019
50,1020
354,1020
456,1020
110,1021
260,1021
391,1021
607,1021
739,1021
862,1021
900,1021
71,1022
140,1022
350,1022
401,1022
863,1022
605,1023
652,1023
805,1023
850,1023
45,1024
93,1024
316,1024
361,1024
432,1024
447,1024
514,1024
664,1024
680,1024
855,1024
66,1025
111,1025
348,1025
376,1025
50,1026
139,1026
289,1026
430,1026
725,1026
181,1027
352,1027
409,1027
450,1027
519,1028
769,1028
778,1028
329,1029
344,1029
537,1029
922,1029
1030,1029
105,1030
407,1030
769,1030
912,1030
1004,1030
75,1031
158,1031
180,1031
424,1031
476,1031
534,1031
580,1031
691,1031
806,1031
893,1031
961,1031
259,1032
471,1032
545,1032
778,1032
967,1032
342,1033
461,1033
802,1033
888,1033
118,1034
433,1034
556,1034
801,1034
60,1035
266,1035
431,1035
496,1035
524,1035
673,1035
675,1035
761,1035
183,1036
317,1036
449,1036
454,1036
730,1036
737,1036
741,1036
796,1036
1003,1036
121,1037
625,1037
679,1037
1014,1037
146,1038
189,1038
571,1038
577,1038
783,1038
160,1039
239,1039
292,1039
315,1039
552,1039
953,1039
353,1040
726,1040
156,1041
434,1041
547,1041
617,1041
667,1041
778,1041
818,1041
854,1041
1002,1041
1010,1041
195,1042
310,1042
871,1042
91,1043
579,1043
86,1044
299,1044
400,1044
628,1044
977,1044
